available,chartable,confidence,coverage_count,daily_series_available,display_name,error_code,error_message,error_subcode,fbtrace_id,field,latest_value,metric,metric_or_field,notes,period,post_id,raw_response,raw_sum,raw_values,reason,recommended_slide_use,sample_value,section,status,status_code,supports_daily_series,supports_total_over_range,total_available,value_type,values_count,video_id
True,,,,,,,,,,id,,,,,,,"{""id"": ""434205256738068""}",,,,,434205256738068,page_fields,,200,,,,str,,
True,,,,,,,,,,name,,,,,,,"{""name"": ""1111 Day & Night"", ""id"": ""434205256738068""}",,,,,1111 Day & Night,page_fields,,200,,,,str,,
True,,,,,,,,,,username,,,,,,,"{""username"": ""1111daynight"", ""id"": ""434205256738068""}",,,,,1111daynight,page_fields,,200,,,,str,,
True,,,,,,,,,,about,,,,,,,"{""about"": ""#Litros & Snacks en Mitras Centro🍹\n¡Hamburguesas, Litros, Boneless & más! 🍔\nVisitanos esta semana 🙌"", ""id"": ""434205256738068""}",,,,,"#Litros & Snacks en Mitras Centro🍹
¡Hamburguesas, Litros, Boneless & más! 🍔
Visitanos esta semana 🙌",page_fields,,200,,,,str,,
True,,,,,,,,,,category,,,,,,,"{""category"": ""Pub"", ""id"": ""434205256738068""}",,,,,Pub,page_fields,,200,,,,str,,
True,,,,,,,,,,category_list,,,,,,,"{""category_list"": [{""id"": ""218693881483234"", ""name"": ""Pub""}], ""id"": ""434205256738068""}",,,,,"[{""id"": ""218693881483234"", ""name"": ""Pub""}]",page_fields,,200,,,,list,,
True,,,,,,,,,,link,,,,,,,"{""link"": ""https://www.facebook.com/434205256738068"", ""id"": ""434205256738068""}",,,,,https://www.facebook.com/434205256738068,page_fields,,200,,,,str,,
True,,,,,,,,,,website,,,,,,,"{""website"": ""http://www.1111daynight.com/"", ""id"": ""434205256738068""}",,,,,http://www.1111daynight.com/,page_fields,,200,,,,str,,
True,,,,,,,,,,phone,,,,,,,"{""phone"": ""+528116008040"", ""id"": ""434205256738068""}",,,,,+528116008040,page_fields,,200,,,,str,,
False,,,,,,,,,,emails,,,,,,,"{""id"": ""434205256738068""}",,,,,,page_fields,,200,,,,null,,
True,,,,,,,,,,location,,,,,,,"{""location"": {""city"": ""Monterrey"", ""country"": ""Mexico"", ""latitude"": 25.687973986, ""longitude"": -100.34448898078, ""street"": ""Av. Simón Bolívar 1111, Mitras Centro"", ""zip"": ""64460""}, ""id"": ""434205256738068""}",,,,,"{""city"": ""Monterrey"", ""country"": ""Mexico"", ""latitude"": 25.687973986, ""longitude"": -100.34448898078, ""street"": ""Av. Simón Bolívar 1111, Mitras Centro"", ""zip"": ""64460""}",page_fields,,200,,,,dict,,
True,,,,,,,,,,hours,,,,,,,"{""hours"": {""tue_1_open"": ""13:00"", ""tue_1_close"": ""00:00"", ""wed_1_open"": ""13:00"", ""wed_1_close"": ""00:00"", ""thu_1_open"": ""13:00"", ""thu_1_close"": ""01:00"", ""fri_1_open"": ""13:00"", ""fri_1_close"": ""02:00"", ""sat_1_open"": ""13:00"", ""sat_1_close"": ""06:00"", ""sun_1_open"": ""13:00"", ""sun_1_close"": ""23:30""}, ""id"": ""434205256738068""}",,,,,"{""tue_1_open"": ""13:00"", ""tue_1_close"": ""00:00"", ""wed_1_open"": ""13:00"", ""wed_1_close"": ""00:00"", ""thu_1_open"": ""13:00"", ""thu_1_close"": ""01:00"", ""fri_1_open"": ""13:00"", ""fri_1_close"": ""02:00"", ""sat_1_open"": ""13:00"", ""sat_1_close"": ""06:00"", ""sun_1_open"": ""13:00"", ""sun_1_close"": ""23:30""}",page_fields,,200,,,,dict,,
True,,,,,,,,,,picture,,,,,,,"{""picture"": {""data"": {""height"": 50, ""is_silhouette"": false, ""url"": ""https://scontent.fgdl17-1.fna.fbcdn.net/v/t39.30808-1/696340715_1271994501810553_8573186896832194714_n.jpg?stp=cp0_dst-jpg_s50x50_tt6&_nc_cat=104&ccb=1-7&_nc_sid=f907e8&_nc_eui2=AeHAt1rZ6xKhx_VFypv6-vuLGMVWS5HELyMYxVZLkcQvI7oiE_R4RpM7OiEmoPVd2ay0EhyoObKllj-W887Ny1P_&_nc_ohc=iWLuPc21GFkQ7kNvwGGgowe&_nc_oc=Adr64uRTwnY7GNCy0Oyd2atzrbIT5b4D5bp5RtdblR7NBpOVKI09jOGS1kxRrCE-jSRB_9b56YGQS9IT9NN9dOrQ&_nc_zt=24&_nc_ht=scontent.fgdl17-1.fna&edm=AJdBtusEAAAA&_nc_gid=7d31o-AhU6N0Q6xxy_72Rw&_nc_tpa=Q5bMBQGD4FANGC6FDUkK-XmRthRiBXdGRP1ASwShQRRjNFG5LOp2fLwPi0iAPdMSdnFOeyluTGmuMrwV&oh=00_Af_SBvdGMViSbCgJcrxpPO8fdYzgVNACkD_VH03kad6K2A&oe=6A43AD06"", ""width"": 50}}, ""id"": ""434205256738068""}",,,,,"{""data"": {""height"": 50, ""is_silhouette"": false, ""url"": ""https://scontent.fgdl17-1.fna.fbcdn.net/v/t39.30808-1/696340715_1271994501810553_8573186896832194714_n.jpg?stp=cp0_dst-jpg_s50x50_tt6&_nc_cat=104&ccb=1-7&_nc_sid=f907e8&_nc_eui2=AeHAt1rZ6xKhx_VFypv6-vuLGMVWS5HELyMYxVZLkcQvI7oiE_R4RpM7OiEmoPVd2ay0EhyoObKllj-W887Ny1P_&_nc_ohc=iWLuPc21GFkQ7kNvwGGgowe&_nc_oc=Adr64uRTwnY7GNCy0Oyd2atzrbIT5b4D5bp5RtdblR7NBpOVKI09jOGS1kxRrCE-jSRB_9b56YGQS9IT9NN9dOrQ&_nc_zt=24&_nc_ht=scontent.fgdl17-1.fna&edm=AJdBtusEAAAA&_nc_gid=7d31o-AhU6N0Q6xxy_72Rw&_nc_tpa=Q5bMBQGD4FANGC6FDUkK-XmRthRiBXdGRP1ASwShQRRjNFG5LOp2fLwPi0iAPdMSdnFOeyluTGmuMrwV&oh=00_Af_SBvdGMViSbCgJcrxpPO8fdYzgVNACkD_VH03kad6K2A&oe=6A43AD06"", ""width"": 50}}",page_fields,,200,,,,dict,,
False,,,,,,,,,,cover,,,,,,,"{""id"": ""434205256738068""}",,,,,,page_fields,,200,,,,null,,
True,,,,,,,,,,followers_count,,,,,,,"{""followers_count"": 78212, ""id"": ""434205256738068""}",,,,,78212,page_fields,,200,,,,int,,
True,,,,,,,,,,fan_count,,,,,,,"{""fan_count"": 78212, ""id"": ""434205256738068""}",,,,,78212,page_fields,,200,,,,int,,
True,,,,,,,,,,rating_count,,,,,,,"{""rating_count"": 3101, ""id"": ""434205256738068""}",,,,,3101,page_fields,,200,,,,int,,
True,,,,,,,,,,overall_star_rating,,,,,,,"{""overall_star_rating"": 4.7, ""id"": ""434205256738068""}",,,,,4.7,page_fields,,200,,,,float,,
True,,,,,,,,,,verification_status,,,,,,,"{""verification_status"": ""not_verified"", ""id"": ""434205256738068""}",,,,,not_verified,page_fields,,200,,,,str,,
True,,,,,,,,,,is_verified,,,,,,,"{""is_verified"": false, ""id"": ""434205256738068""}",,,,,false,page_fields,,200,,,,bool,,
True,,,,,,,,,,were_here_count,,,,,,,"{""were_here_count"": 20177, ""id"": ""434205256738068""}",,,,,20177,page_fields,,200,,,,int,,
True,,,,,,,,,,talking_about_count,,,,,,,"{""talking_about_count"": 106, ""id"": ""434205256738068""}",,,,,106,page_fields,,200,,,,int,,
False,,,,,,,,,,new_like_count,,,,,,,"{""id"": ""434205256738068""}",,,,,,page_fields,,200,,,,null,,
True,,,,,,,,,,access_token,,,,,,,"{""access_token"": ""EAAM8CZCMoyPoBRykxNCYbNtRitWNlsctSZBZBiSPYSTN2xxmemNqtc5xPbxirrtvQTJss1BqB5o0qkod3ZCzi4xgWaLp369VUjLeg1yDuBRZCIzhLtQjhvgezfANxZAmkMxw14VCRpG7EhgeR1jKEJPe2y6kYZBigk4kkJSYjfZBIViFuhTSmRC95CCB9ZB9uVJQqpNSzZCSgX"", ""id"": ""434205256738068""}",,,,,EAAM8CZCMoyPoBRykxNCYbNtRitWNlsctSZBZBiSPYSTN2xxmemNqtc5xPbxirrtvQTJss1BqB5o0qkod3ZCzi4xgWaLp369VUjLeg1yDuBRZCIzhLtQjhvgezfANxZAmkMxw14VCRpG7EhgeR1jKEJPe2y6kYZBigk4kkJSYjfZBIViFuhTSmRC95CCB9ZB9uVJQqpNSzZCSgX,page_fields,,200,,,,str,,
False,,,,,,100,(#100) Tried accessing nonexisting field (tasks),,A1hAASiDHz-n60GRSyx8PH3,tasks,,,,,,,"{""error"": {""message"": ""(#100) Tried accessing nonexisting field (tasks)"", ""type"": ""OAuthException"", ""code"": 100, ""fbtrace_id"": ""A1hAASiDHz-n60GRSyx8PH3""}}",,,,,,page_fields,,400,,,,null,,
True,,,,,,,,,,,86,page_post_engagements,,,day,,"{""data"": [{""name"": ""page_post_engagements"", ""period"": ""day"", ""values"": [{""value"": 1, ""end_time"": ""2026-05-02T07:00:00+0000""}, {""value"": 3, ""end_time"": ""2026-05-03T07:00:00+0000""}, {""value"": 9, ""end_time"": ""2026-05-04T07:00:00+0000""}, {""value"": 3, ""end_time"": ""2026-05-05T07:00:00+0000""}, {""value"": 5, ""end_time"": ""2026-05-06T07:00:00+0000""}, {""value"": 10, ""end_time"": ""2026-05-07T07:00:00+0000""}, {""value"": 232, ""end_time"": ""2026-05-08T07:00:00+0000""}, {""value"": 356, ""end_time"": ""2026-05-09T07:00:00+0000""}, {""value"": 258, ""end_time"": ""2026-05-10T07:00:00+0000""}, {""value"": 380, ""end_time"": ""2026-05-11T07:00:00+0000""}, {""value"": 284, ""end_time"": ""2026-05-12T07:00:00+0000""}, {""value"": 127, ""end_time"": ""2026-05-13T07:00:00+0000""}, {""value"": 76, ""end_time"": ""2026-05-14T07:00:00+0000""}, {""value"": 98, ""end_time"": ""2026-05-15T07:00:00+0000""}, {""value"": 46, ""end_time"": ""2026-05-16T07:00:00+0000""}, {""value"": 59, ""end_time"": ""2026-05-17T07:00:00+0000""}, {""value"": 73, ""end_time"": ""2026-05-18T07:00:00+0000""}, {""value"": 68, ""end_time"": ""2026-05-19T07:00:00+0000""}, {""value"": 110, ""end_time"": ""2026-05-20T07:00:00+0000""}, {""value"": 65, ""end_time"": ""2026-05-21T07:00:00+0000""}, {""value"": 108, ""end_time"":...[truncated 1104 chars]",2548,"[{""value"": 1, ""end_time"": ""2026-05-02T07:00:00+0000""}, {""value"": 3, ""end_time"": ""2026-05-03T07:00:00+0000""}, {""value"": 9, ""end_time"": ""2026-05-04T07:00:00+0000""}, {""value"": 3, ""end_time"": ""2026-05-05T07:00:00+0000""}, {""value"": 5, ""end_time"": ""2026-05-06T07:00:00+0000""}, {""value"": 10, ""end_time"": ""2026-05-07T07:00:00+0000""}, {""value"": 232, ""end_time"": ""2026-05-08T07:00:00+0000""}, {""value"": 356, ""end_time"": ""2026-05-09T07:00:00+0000""}, {""value"": 258, ""end_time"": ""2026-05-10T07:00:00+0000""}, {""value"": 380, ""end_time"": ""2026-05-11T07:00:00+0000""}, {""value"": 284, ""end_time"": ""2026-05-12T07:00:00+0000""}, {""value"": 127, ""end_time"": ""2026-05-13T07:00:00+0000""}, {""value"": 76, ""end_time"": ""2026-05-14T07:00:00+0000""}, {""value"": 98, ""end_time"": ""2026-05-15T07:00:00+0000""}, {""value"": 46, ""end_time"": ""2026-05-16T07:00:00+0000""}, {""value"": 59, ""end_time"": ""2026-05-17T07:00:00+0000""}, {""value"": 73, ""end_time"": ""2026-05-18T07:00:00+0000""}, {""value"": 68, ""end_time"": ""2026-05-19T07:00:00+0000""}, {""value"": 110, ""end_time"": ""2026-05-20T07:00:00+0000""}, {""value"": 65, ""end_time"": ""2026-05-21T07:00:00+0000""}, {""value"": 108, ""end_time"": ""2026-05-22T07:00:00+0000""}, {""value"": 91, ""end_time"": ""2026-05-23T07:00:00+0000""}, {""value"": 86, ""end_time"": ""2026-05-24T07:00:00+0000""}]",,,,page_insights,,200,True,True,,,23,
True,,,,,,,,,,,2573,page_post_engagements,,,days_28,,"{""data"": [{""name"": ""page_post_engagements"", ""period"": ""days_28"", ""values"": [{""value"": 2108, ""end_time"": ""2026-05-02T07:00:00+0000""}, {""value"": 2108, ""end_time"": ""2026-05-03T07:00:00+0000""}, {""value"": 2117, ""end_time"": ""2026-05-04T07:00:00+0000""}, {""value"": 2027, ""end_time"": ""2026-05-05T07:00:00+0000""}, {""value"": 1641, ""end_time"": ""2026-05-06T07:00:00+0000""}, {""value"": 1284, ""end_time"": ""2026-05-07T07:00:00+0000""}, {""value"": 1203, ""end_time"": ""2026-05-08T07:00:00+0000""}, {""value"": 1279, ""end_time"": ""2026-05-09T07:00:00+0000""}, {""value"": 1254, ""end_time"": ""2026-05-10T07:00:00+0000""}, {""value"": 1315, ""end_time"": ""2026-05-11T07:00:00+0000""}, {""value"": 1586, ""end_time"": ""2026-05-12T07:00:00+0000""}, {""value"": 1709, ""end_time"": ""2026-05-13T07:00:00+0000""}, {""value"": 1782, ""end_time"": ""2026-05-14T07:00:00+0000""}, {""value"": 1878, ""end_time"": ""2026-05-15T07:00:00+0000""}, {""value"": 1923, ""end_time"": ""2026-05-16T07:00:00+0000""}, {""value"": 1980, ""end_time"": ""2026-05-17T07:00:00+0000""}, {""value"": 2053, ""end_time"": ""2026-05-18T07:00:00+0000""}, {""value"": 2119, ""end_time"": ""2026-05-19T07:00:00+0000""}, {""value"": 2229, ""end_time"": ""2026-05-20T07:00:00+0000""}, {""value"": 2294, ""end_time"": ""2026-05-21T0...[truncated 1167 chars]",43351,"[{""value"": 2108, ""end_time"": ""2026-05-02T07:00:00+0000""}, {""value"": 2108, ""end_time"": ""2026-05-03T07:00:00+0000""}, {""value"": 2117, ""end_time"": ""2026-05-04T07:00:00+0000""}, {""value"": 2027, ""end_time"": ""2026-05-05T07:00:00+0000""}, {""value"": 1641, ""end_time"": ""2026-05-06T07:00:00+0000""}, {""value"": 1284, ""end_time"": ""2026-05-07T07:00:00+0000""}, {""value"": 1203, ""end_time"": ""2026-05-08T07:00:00+0000""}, {""value"": 1279, ""end_time"": ""2026-05-09T07:00:00+0000""}, {""value"": 1254, ""end_time"": ""2026-05-10T07:00:00+0000""}, {""value"": 1315, ""end_time"": ""2026-05-11T07:00:00+0000""}, {""value"": 1586, ""end_time"": ""2026-05-12T07:00:00+0000""}, {""value"": 1709, ""end_time"": ""2026-05-13T07:00:00+0000""}, {""value"": 1782, ""end_time"": ""2026-05-14T07:00:00+0000""}, {""value"": 1878, ""end_time"": ""2026-05-15T07:00:00+0000""}, {""value"": 1923, ""end_time"": ""2026-05-16T07:00:00+0000""}, {""value"": 1980, ""end_time"": ""2026-05-17T07:00:00+0000""}, {""value"": 2053, ""end_time"": ""2026-05-18T07:00:00+0000""}, {""value"": 2119, ""end_time"": ""2026-05-19T07:00:00+0000""}, {""value"": 2229, ""end_time"": ""2026-05-20T07:00:00+0000""}, {""value"": 2294, ""end_time"": ""2026-05-21T07:00:00+0000""}, {""value"": 2399, ""end_time"": ""2026-05-22T07:00:00+0000""}, {""value"": 2490, ""end_time"": ""2026-05-23T07:00:00+0000""}, {""value"": 2573, ""end_time"": ""2026-05-24T07:00:00+0000""}]",,,,page_insights,,200,False,True,,,23,
True,,,,,,,,,,,2548,page_post_engagements,,,total_over_range,,"{""data"": [{""name"": ""page_post_engagements"", ""period"": ""total_over_range"", ""values"": [{""value"": 2548, ""end_time"": ""2026-05-24T07:00:00+0000""}], ""title"": null, ""description"": ""Número de veces que las personas interactuaron con tus publicaciones por medio de reacciones, comentarios, contenido compartido, etc."", ""id"": ""434205256738068/insights/page_post_engagements/total_over_range""}], ""paging"": {""previous"": ""https://graph.facebook.com/v25.0/434205256738068/insights?access_token=EAAM8CZCMoyPoBR53aJq7eMSkzQnXZB7wZAayh66BkZAeHfgarI6YPgmelS5n5NwhEERGsPdE1LBxknZAgIQp2vS4wynwgRkPMdvKSqOFjb1fbXGLR25ONLQwIlaxEbeGNlZCLKIkaZARTsxedwNUOEujLuZCVkt5fPkW4HjsOH5uCQkszzxSZCglJD3wfj9D75Y271WUt0nwS&since=1775631600&until=1777618800&metric=page_post_engagements&period=total_over_range"", ""next"": ""https://graph.facebook.com/v25.0/434205256738068/insights?access_token=EAAM8CZCMoyPoBR53aJq7eMSkzQnXZB7wZAayh66BkZAeHfgarI6YPgmelS5n5NwhEERGsPdE1LBxknZAgIQp2vS4wynwgRkPMdvKSqOFjb1fbXGLR25ONLQwIlaxEbeGNlZCLKIkaZARTsxedwNUOEujLuZCVkt5fPkW4HjsOH5uCQkszzxSZCglJD3wfj9D75Y271WUt0nwS&since=1779606000&until=1781593200&metric=page_post_engagements&period=total_over_range""}}",2548,"[{""value"": 2548, ""end_time"": ""2026-05-24T07:00:00+0000""}]",,,,page_insights,,200,False,True,,,1,
True,,,,,,,,,,,"{""like"": 10, ""love"": 1}",page_actions_post_reactions_total,,,day,,"{""data"": [{""name"": ""page_actions_post_reactions_total"", ""period"": ""day"", ""values"": [{""value"": {}, ""end_time"": ""2026-05-02T07:00:00+0000""}, {""value"": {}, ""end_time"": ""2026-05-03T07:00:00+0000""}, {""value"": {}, ""end_time"": ""2026-05-04T07:00:00+0000""}, {""value"": {}, ""end_time"": ""2026-05-05T07:00:00+0000""}, {""value"": {}, ""end_time"": ""2026-05-06T07:00:00+0000""}, {""value"": {""like"": 1}, ""end_time"": ""2026-05-07T07:00:00+0000""}, {""value"": {""like"": 27, ""love"": 2}, ""end_time"": ""2026-05-08T07:00:00+0000""}, {""value"": {""like"": 67, ""love"": 2}, ""end_time"": ""2026-05-09T07:00:00+0000""}, {""value"": {""like"": 50, ""love"": 4}, ""end_time"": ""2026-05-10T07:00:00+0000""}, {""value"": {""like"": 60}, ""end_time"": ""2026-05-11T07:00:00+0000""}, {""value"": {""like"": 30, ""love"": 2, ""wow"": 2}, ""end_time"": ""2026-05-12T07:00:00+0000""}, {""value"": {""like"": 9, ""love"": 1}, ""end_time"": ""2026-05-13T07:00:00+0000""}, {""value"": {""like"": 7, ""love"": 1}, ""end_time"": ""2026-05-14T07:00:00+0000""}, {""value"": {""like"": 8, ""love"": 2}, ""end_time"": ""2026-05-15T07:00:00+0000""}, {""value"": {""like"": 10, ""love"": 2}, ""end_time"": ""2026-05-16T07:00:00+0000""}, {""value"": {""like"": 4}, ""end_time"": ""2026-05-17T07:00:00+0000""}, {""value"": {""like"": 8}, ""end_time""...[truncated 1409 chars]",342,"[{""value"": {}, ""end_time"": ""2026-05-02T07:00:00+0000""}, {""value"": {}, ""end_time"": ""2026-05-03T07:00:00+0000""}, {""value"": {}, ""end_time"": ""2026-05-04T07:00:00+0000""}, {""value"": {}, ""end_time"": ""2026-05-05T07:00:00+0000""}, {""value"": {}, ""end_time"": ""2026-05-06T07:00:00+0000""}, {""value"": {""like"": 1}, ""end_time"": ""2026-05-07T07:00:00+0000""}, {""value"": {""like"": 27, ""love"": 2}, ""end_time"": ""2026-05-08T07:00:00+0000""}, {""value"": {""like"": 67, ""love"": 2}, ""end_time"": ""2026-05-09T07:00:00+0000""}, {""value"": {""like"": 50, ""love"": 4}, ""end_time"": ""2026-05-10T07:00:00+0000""}, {""value"": {""like"": 60}, ""end_time"": ""2026-05-11T07:00:00+0000""}, {""value"": {""like"": 30, ""love"": 2, ""wow"": 2}, ""end_time"": ""2026-05-12T07:00:00+0000""}, {""value"": {""like"": 9, ""love"": 1}, ""end_time"": ""2026-05-13T07:00:00+0000""}, {""value"": {""like"": 7, ""love"": 1}, ""end_time"": ""2026-05-14T07:00:00+0000""}, {""value"": {""like"": 8, ""love"": 2}, ""end_time"": ""2026-05-15T07:00:00+0000""}, {""value"": {""like"": 10, ""love"": 2}, ""end_time"": ""2026-05-16T07:00:00+0000""}, {""value"": {""like"": 4}, ""end_time"": ""2026-05-17T07:00:00+0000""}, {""value"": {""like"": 8}, ""end_time"": ""2026-05-18T07:00:00+0000""}, {""value"": {""like"": 4}, ""end_time"": ""2026-05-19T07:00:00+0000""}, {""value"": {""like"": 10, ""love"": 1}, ""end_time"": ""2026-05-20T07:00:00+0000""}, {""value"": {""like"": 3}, ""end_time"": ""2026-05-21T07:00:00+0000""}, {""value"": {""like"": 7, ""love"": 1}, ""end_time"": ""2026-05-22T07:00:00+0000""}, {""value"": {""like"": 3, ""love"": 3}, ""end_time"": ""2026-05-23T07:00:00+0000""}, {""value"": {""like"": 10, ""love"": 1}, ""end_time"": ""2026-05-24T07:00:00+0000""}]",,,,page_insights,,200,True,True,,,23,
True,,,,,,,,,,,"{""like"": 318, ""love"": 22, ""wow"": 2}",page_actions_post_reactions_total,,,days_28,,"{""data"": [{""name"": ""page_actions_post_reactions_total"", ""period"": ""days_28"", ""values"": [{""value"": {""like"": 1886, ""love"": 55, ""sorry"": 1}, ""end_time"": ""2026-05-02T07:00:00+0000""}, {""value"": {""like"": 1886, ""love"": 55, ""sorry"": 1}, ""end_time"": ""2026-05-03T07:00:00+0000""}, {""value"": {""like"": 1886, ""love"": 55, ""sorry"": 1}, ""end_time"": ""2026-05-04T07:00:00+0000""}, {""value"": {""like"": 1807, ""love"": 54, ""sorry"": 1}, ""end_time"": ""2026-05-05T07:00:00+0000""}, {""value"": {""like"": 1445, ""love"": 42}, ""end_time"": ""2026-05-06T07:00:00+0000""}, {""value"": {""like"": 1113, ""love"": 28}, ""end_time"": ""2026-05-07T07:00:00+0000""}, {""value"": {""like"": 856, ""love"": 21}, ""end_time"": ""2026-05-08T07:00:00+0000""}, {""value"": {""like"": 672, ""love"": 18}, ""end_time"": ""2026-05-09T07:00:00+0000""}, {""value"": {""like"": 465, ""love"": 11}, ""end_time"": ""2026-05-10T07:00:00+0000""}, {""value"": {""like"": 222, ""love"": 8}, ""end_time"": ""2026-05-11T07:00:00+0000""}, {""value"": {""like"": 239, ""love"": 10, ""wow"": 2}, ""end_time"": ""2026-05-12T07:00:00+0000""}, {""value"": {""like"": 248, ""love"": 11, ""wow"": 2}, ""end_time"": ""2026-05-13T07:00:00+0000""}, {""value"": {""like"": 253, ""love"": 12, ""wow"": 2}, ""end_time"": ""2026-05-14T07:00:00+0000""}, {""value"": {""lik...[truncated 1822 chars]",16454,"[{""value"": {""like"": 1886, ""love"": 55, ""sorry"": 1}, ""end_time"": ""2026-05-02T07:00:00+0000""}, {""value"": {""like"": 1886, ""love"": 55, ""sorry"": 1}, ""end_time"": ""2026-05-03T07:00:00+0000""}, {""value"": {""like"": 1886, ""love"": 55, ""sorry"": 1}, ""end_time"": ""2026-05-04T07:00:00+0000""}, {""value"": {""like"": 1807, ""love"": 54, ""sorry"": 1}, ""end_time"": ""2026-05-05T07:00:00+0000""}, {""value"": {""like"": 1445, ""love"": 42}, ""end_time"": ""2026-05-06T07:00:00+0000""}, {""value"": {""like"": 1113, ""love"": 28}, ""end_time"": ""2026-05-07T07:00:00+0000""}, {""value"": {""like"": 856, ""love"": 21}, ""end_time"": ""2026-05-08T07:00:00+0000""}, {""value"": {""like"": 672, ""love"": 18}, ""end_time"": ""2026-05-09T07:00:00+0000""}, {""value"": {""like"": 465, ""love"": 11}, ""end_time"": ""2026-05-10T07:00:00+0000""}, {""value"": {""like"": 222, ""love"": 8}, ""end_time"": ""2026-05-11T07:00:00+0000""}, {""value"": {""like"": 239, ""love"": 10, ""wow"": 2}, ""end_time"": ""2026-05-12T07:00:00+0000""}, {""value"": {""like"": 248, ""love"": 11, ""wow"": 2}, ""end_time"": ""2026-05-13T07:00:00+0000""}, {""value"": {""like"": 253, ""love"": 12, ""wow"": 2}, ""end_time"": ""2026-05-14T07:00:00+0000""}, {""value"": {""like"": 260, ""love"": 14, ""wow"": 2}, ""end_time"": ""2026-05-15T07:00:00+0000""}, {""value"": {""like"": 270, ""love"": 16, ""wow"": 2}, ""end_time"": ""2026-05-16T07:00:00+0000""}, {""value"": {""like"": 273, ""love"": 16, ""wow"": 2}, ""end_time"": ""2026-05-17T07:00:00+0000""}, {""value"": {""like"": 281, ""love"": 16, ""wow"": 2}, ""end_time"": ""2026-05-18T07:00:00+0000""}, {""value"": {""like"": 285, ""love"": 16, ""wow"": 2}, ""end_time"": ""2026-05-19T07:00:00+0000""}, {""value"": {""like"": 295, ""love"": 17, ""wow"": 2}, ""end_time"": ""2026-05-20T07:00:00+0000""}, {""value"": {""like"": 298, ""love"": 17, ""wow"": 2}, ""end_time"": ""2026-05-21T07:00:00+0000""}, {""value"": {""like"": 305, ""love"": 18, ""wow"": 2}, ""end_time"": ""2026-05-22T07:00:00+0000""}, {""value"": {""like"": 308, ""love"": 21, ""wow"": 2}, ""end_time"": ""2026-05-23T07:00:00+0000""}, {""value"": {""like"": 318, ""love"": 22, ""wow"": 2}, ""end_time"": ""2026-05-24T07:00:00+0000""}]",,,,page_insights,,200,False,True,,,23,
True,,,,,,,,,,,"{""like"": 318, ""love"": 22, ""wow"": 2}",page_actions_post_reactions_total,,,total_over_range,,"{""data"": [{""name"": ""page_actions_post_reactions_total"", ""period"": ""total_over_range"", ""values"": [{""value"": {""like"": 318, ""love"": 22, ""wow"": 2}, ""end_time"": ""2026-05-24T07:00:00+0000""}], ""title"": null, ""description"": ""Total de reacciones diarias a las publicaciones de una página por tipo."", ""id"": ""434205256738068/insights/page_actions_post_reactions_total/total_over_range""}], ""paging"": {""previous"": ""https://graph.facebook.com/v25.0/434205256738068/insights?access_token=EAAM8CZCMoyPoBR53aJq7eMSkzQnXZB7wZAayh66BkZAeHfgarI6YPgmelS5n5NwhEERGsPdE1LBxknZAgIQp2vS4wynwgRkPMdvKSqOFjb1fbXGLR25ONLQwIlaxEbeGNlZCLKIkaZARTsxedwNUOEujLuZCVkt5fPkW4HjsOH5uCQkszzxSZCglJD3wfj9D75Y271WUt0nwS&since=1775631600&until=1777618800&metric=page_actions_post_reactions_total&period=total_over_range"", ""next"": ""https://graph.facebook.com/v25.0/434205256738068/insights?access_token=EAAM8CZCMoyPoBR53aJq7eMSkzQnXZB7wZAayh66BkZAeHfgarI6YPgmelS5n5NwhEERGsPdE1LBxknZAgIQp2vS4wynwgRkPMdvKSqOFjb1fbXGLR25ONLQwIlaxEbeGNlZCLKIkaZARTsxedwNUOEujLuZCVkt5fPkW4HjsOH5uCQkszzxSZCglJD3wfj9D75Y271WUt0nwS&since=1779606000&until=1781593200&metric=page_actions_post_reactions_total&period=total_over_range""}}",342,"[{""value"": {""like"": 318, ""love"": 22, ""wow"": 2}, ""end_time"": ""2026-05-24T07:00:00+0000""}]",,,,page_insights,,200,False,True,,,1,
True,,,,,,,,,,,136,page_views_total,,,day,,"{""data"": [{""name"": ""page_views_total"", ""period"": ""day"", ""values"": [{""value"": 136, ""end_time"": ""2026-05-02T07:00:00+0000""}, {""value"": 88, ""end_time"": ""2026-05-03T07:00:00+0000""}, {""value"": 69, ""end_time"": ""2026-05-04T07:00:00+0000""}, {""value"": 67, ""end_time"": ""2026-05-05T07:00:00+0000""}, {""value"": 59, ""end_time"": ""2026-05-06T07:00:00+0000""}, {""value"": 101, ""end_time"": ""2026-05-07T07:00:00+0000""}, {""value"": 309, ""end_time"": ""2026-05-08T07:00:00+0000""}, {""value"": 270, ""end_time"": ""2026-05-09T07:00:00+0000""}, {""value"": 205, ""end_time"": ""2026-05-10T07:00:00+0000""}, {""value"": 170, ""end_time"": ""2026-05-11T07:00:00+0000""}, {""value"": 153, ""end_time"": ""2026-05-12T07:00:00+0000""}, {""value"": 168, ""end_time"": ""2026-05-13T07:00:00+0000""}, {""value"": 150, ""end_time"": ""2026-05-14T07:00:00+0000""}, {""value"": 189, ""end_time"": ""2026-05-15T07:00:00+0000""}, {""value"": 123, ""end_time"": ""2026-05-16T07:00:00+0000""}, {""value"": 117, ""end_time"": ""2026-05-17T07:00:00+0000""}, {""value"": 94, ""end_time"": ""2026-05-18T07:00:00+0000""}, {""value"": 69, ""end_time"": ""2026-05-19T07:00:00+0000""}, {""value"": 150, ""end_time"": ""2026-05-20T07:00:00+0000""}, {""value"": 109, ""end_time"": ""2026-05-21T07:00:00+0000""}, {""value"": 274, ""end...[truncated 1035 chars]",3371,"[{""value"": 136, ""end_time"": ""2026-05-02T07:00:00+0000""}, {""value"": 88, ""end_time"": ""2026-05-03T07:00:00+0000""}, {""value"": 69, ""end_time"": ""2026-05-04T07:00:00+0000""}, {""value"": 67, ""end_time"": ""2026-05-05T07:00:00+0000""}, {""value"": 59, ""end_time"": ""2026-05-06T07:00:00+0000""}, {""value"": 101, ""end_time"": ""2026-05-07T07:00:00+0000""}, {""value"": 309, ""end_time"": ""2026-05-08T07:00:00+0000""}, {""value"": 270, ""end_time"": ""2026-05-09T07:00:00+0000""}, {""value"": 205, ""end_time"": ""2026-05-10T07:00:00+0000""}, {""value"": 170, ""end_time"": ""2026-05-11T07:00:00+0000""}, {""value"": 153, ""end_time"": ""2026-05-12T07:00:00+0000""}, {""value"": 168, ""end_time"": ""2026-05-13T07:00:00+0000""}, {""value"": 150, ""end_time"": ""2026-05-14T07:00:00+0000""}, {""value"": 189, ""end_time"": ""2026-05-15T07:00:00+0000""}, {""value"": 123, ""end_time"": ""2026-05-16T07:00:00+0000""}, {""value"": 117, ""end_time"": ""2026-05-17T07:00:00+0000""}, {""value"": 94, ""end_time"": ""2026-05-18T07:00:00+0000""}, {""value"": 69, ""end_time"": ""2026-05-19T07:00:00+0000""}, {""value"": 150, ""end_time"": ""2026-05-20T07:00:00+0000""}, {""value"": 109, ""end_time"": ""2026-05-21T07:00:00+0000""}, {""value"": 274, ""end_time"": ""2026-05-22T07:00:00+0000""}, {""value"": 165, ""end_time"": ""2026-05-23T07:00:00+0000""}, {""value"": 136, ""end_time"": ""2026-05-24T07:00:00+0000""}]",,,,page_insights,,200,True,True,,,23,
True,,,,,,,,,,,3707,page_views_total,,,days_28,,"{""data"": [{""name"": ""page_views_total"", ""period"": ""days_28"", ""values"": [{""value"": 2057, ""end_time"": ""2026-05-02T07:00:00+0000""}, {""value"": 2050, ""end_time"": ""2026-05-03T07:00:00+0000""}, {""value"": 2066, ""end_time"": ""2026-05-04T07:00:00+0000""}, {""value"": 2075, ""end_time"": ""2026-05-05T07:00:00+0000""}, {""value"": 2061, ""end_time"": ""2026-05-06T07:00:00+0000""}, {""value"": 2104, ""end_time"": ""2026-05-07T07:00:00+0000""}, {""value"": 2335, ""end_time"": ""2026-05-08T07:00:00+0000""}, {""value"": 2525, ""end_time"": ""2026-05-09T07:00:00+0000""}, {""value"": 2640, ""end_time"": ""2026-05-10T07:00:00+0000""}, {""value"": 2746, ""end_time"": ""2026-05-11T07:00:00+0000""}, {""value"": 2880, ""end_time"": ""2026-05-12T07:00:00+0000""}, {""value"": 2913, ""end_time"": ""2026-05-13T07:00:00+0000""}, {""value"": 2916, ""end_time"": ""2026-05-14T07:00:00+0000""}, {""value"": 3035, ""end_time"": ""2026-05-15T07:00:00+0000""}, {""value"": 3051, ""end_time"": ""2026-05-16T07:00:00+0000""}, {""value"": 3062, ""end_time"": ""2026-05-17T07:00:00+0000""}, {""value"": 3130, ""end_time"": ""2026-05-18T07:00:00+0000""}, {""value"": 3174, ""end_time"": ""2026-05-19T07:00:00+0000""}, {""value"": 3291, ""end_time"": ""2026-05-20T07:00:00+0000""}, {""value"": 3356, ""end_time"": ""2026-05-21T07:00:...[truncated 1084 chars]",64428,"[{""value"": 2057, ""end_time"": ""2026-05-02T07:00:00+0000""}, {""value"": 2050, ""end_time"": ""2026-05-03T07:00:00+0000""}, {""value"": 2066, ""end_time"": ""2026-05-04T07:00:00+0000""}, {""value"": 2075, ""end_time"": ""2026-05-05T07:00:00+0000""}, {""value"": 2061, ""end_time"": ""2026-05-06T07:00:00+0000""}, {""value"": 2104, ""end_time"": ""2026-05-07T07:00:00+0000""}, {""value"": 2335, ""end_time"": ""2026-05-08T07:00:00+0000""}, {""value"": 2525, ""end_time"": ""2026-05-09T07:00:00+0000""}, {""value"": 2640, ""end_time"": ""2026-05-10T07:00:00+0000""}, {""value"": 2746, ""end_time"": ""2026-05-11T07:00:00+0000""}, {""value"": 2880, ""end_time"": ""2026-05-12T07:00:00+0000""}, {""value"": 2913, ""end_time"": ""2026-05-13T07:00:00+0000""}, {""value"": 2916, ""end_time"": ""2026-05-14T07:00:00+0000""}, {""value"": 3035, ""end_time"": ""2026-05-15T07:00:00+0000""}, {""value"": 3051, ""end_time"": ""2026-05-16T07:00:00+0000""}, {""value"": 3062, ""end_time"": ""2026-05-17T07:00:00+0000""}, {""value"": 3130, ""end_time"": ""2026-05-18T07:00:00+0000""}, {""value"": 3174, ""end_time"": ""2026-05-19T07:00:00+0000""}, {""value"": 3291, ""end_time"": ""2026-05-20T07:00:00+0000""}, {""value"": 3356, ""end_time"": ""2026-05-21T07:00:00+0000""}, {""value"": 3580, ""end_time"": ""2026-05-22T07:00:00+0000""}, {""value"": 3674, ""end_time"": ""2026-05-23T07:00:00+0000""}, {""value"": 3707, ""end_time"": ""2026-05-24T07:00:00+0000""}]",,,,page_insights,,200,False,True,,,23,
True,,,,,,,,,,,3371,page_views_total,,,total_over_range,,"{""data"": [{""name"": ""page_views_total"", ""period"": ""total_over_range"", ""values"": [{""value"": 3371, ""end_time"": ""2026-05-24T07:00:00+0000""}], ""title"": null, ""description"": ""Número de veces que personas que iniciaron sesión y no iniciaron sesión vieron el perfil de una página."", ""id"": ""434205256738068/insights/page_views_total/total_over_range""}], ""paging"": {""previous"": ""https://graph.facebook.com/v25.0/434205256738068/insights?access_token=EAAM8CZCMoyPoBR53aJq7eMSkzQnXZB7wZAayh66BkZAeHfgarI6YPgmelS5n5NwhEERGsPdE1LBxknZAgIQp2vS4wynwgRkPMdvKSqOFjb1fbXGLR25ONLQwIlaxEbeGNlZCLKIkaZARTsxedwNUOEujLuZCVkt5fPkW4HjsOH5uCQkszzxSZCglJD3wfj9D75Y271WUt0nwS&since=1775631600&until=1777618800&metric=page_views_total&period=total_over_range"", ""next"": ""https://graph.facebook.com/v25.0/434205256738068/insights?access_token=EAAM8CZCMoyPoBR53aJq7eMSkzQnXZB7wZAayh66BkZAeHfgarI6YPgmelS5n5NwhEERGsPdE1LBxknZAgIQp2vS4wynwgRkPMdvKSqOFjb1fbXGLR25ONLQwIlaxEbeGNlZCLKIkaZARTsxedwNUOEujLuZCVkt5fPkW4HjsOH5uCQkszzxSZCglJD3wfj9D75Y271WUt0nwS&since=1779606000&until=1781593200&metric=page_views_total&period=total_over_range""}}",3371,"[{""value"": 3371, ""end_time"": ""2026-05-24T07:00:00+0000""}]",,,,page_insights,,200,False,True,,,1,
True,,,,,,,,,,,429,page_posts_impressions_organic,,,day,,"{""data"": [{""name"": ""page_posts_impressions_organic"", ""period"": ""day"", ""values"": [{""value"": 251, ""end_time"": ""2026-05-02T07:00:00+0000""}, {""value"": 216, ""end_time"": ""2026-05-03T07:00:00+0000""}, {""value"": 114, ""end_time"": ""2026-05-04T07:00:00+0000""}, {""value"": 188, ""end_time"": ""2026-05-05T07:00:00+0000""}, {""value"": 156, ""end_time"": ""2026-05-06T07:00:00+0000""}, {""value"": 378, ""end_time"": ""2026-05-07T07:00:00+0000""}, {""value"": 811, ""end_time"": ""2026-05-08T07:00:00+0000""}, {""value"": 1276, ""end_time"": ""2026-05-09T07:00:00+0000""}, {""value"": 801, ""end_time"": ""2026-05-10T07:00:00+0000""}, {""value"": 946, ""end_time"": ""2026-05-11T07:00:00+0000""}, {""value"": 732, ""end_time"": ""2026-05-12T07:00:00+0000""}, {""value"": 723, ""end_time"": ""2026-05-13T07:00:00+0000""}, {""value"": 378, ""end_time"": ""2026-05-14T07:00:00+0000""}, {""value"": 367, ""end_time"": ""2026-05-15T07:00:00+0000""}, {""value"": 348, ""end_time"": ""2026-05-16T07:00:00+0000""}, {""value"": 182, ""end_time"": ""2026-05-17T07:00:00+0000""}, {""value"": 149, ""end_time"": ""2026-05-18T07:00:00+0000""}, {""value"": 112, ""end_time"": ""2026-05-19T07:00:00+0000""}, {""value"": 355, ""end_time"": ""2026-05-20T07:00:00+0000""}, {""value"": 258, ""end_time"": ""2026-05-21T07:00:00+0000""}...[truncated 1181 chars]",10187,"[{""value"": 251, ""end_time"": ""2026-05-02T07:00:00+0000""}, {""value"": 216, ""end_time"": ""2026-05-03T07:00:00+0000""}, {""value"": 114, ""end_time"": ""2026-05-04T07:00:00+0000""}, {""value"": 188, ""end_time"": ""2026-05-05T07:00:00+0000""}, {""value"": 156, ""end_time"": ""2026-05-06T07:00:00+0000""}, {""value"": 378, ""end_time"": ""2026-05-07T07:00:00+0000""}, {""value"": 811, ""end_time"": ""2026-05-08T07:00:00+0000""}, {""value"": 1276, ""end_time"": ""2026-05-09T07:00:00+0000""}, {""value"": 801, ""end_time"": ""2026-05-10T07:00:00+0000""}, {""value"": 946, ""end_time"": ""2026-05-11T07:00:00+0000""}, {""value"": 732, ""end_time"": ""2026-05-12T07:00:00+0000""}, {""value"": 723, ""end_time"": ""2026-05-13T07:00:00+0000""}, {""value"": 378, ""end_time"": ""2026-05-14T07:00:00+0000""}, {""value"": 367, ""end_time"": ""2026-05-15T07:00:00+0000""}, {""value"": 348, ""end_time"": ""2026-05-16T07:00:00+0000""}, {""value"": 182, ""end_time"": ""2026-05-17T07:00:00+0000""}, {""value"": 149, ""end_time"": ""2026-05-18T07:00:00+0000""}, {""value"": 112, ""end_time"": ""2026-05-19T07:00:00+0000""}, {""value"": 355, ""end_time"": ""2026-05-20T07:00:00+0000""}, {""value"": 258, ""end_time"": ""2026-05-21T07:00:00+0000""}, {""value"": 478, ""end_time"": ""2026-05-22T07:00:00+0000""}, {""value"": 539, ""end_time"": ""2026-05-23T07:00:00+0000""}, {""value"": 429, ""end_time"": ""2026-05-24T07:00:00+0000""}]",,,,page_insights,,200,True,True,,,23,
True,,,,,,,,,,,10969,page_posts_impressions_organic,,,days_28,,"{""data"": [{""name"": ""page_posts_impressions_organic"", ""period"": ""days_28"", ""values"": [{""value"": 4958, ""end_time"": ""2026-05-02T07:00:00+0000""}, {""value"": 5049, ""end_time"": ""2026-05-03T07:00:00+0000""}, {""value"": 5107, ""end_time"": ""2026-05-04T07:00:00+0000""}, {""value"": 5182, ""end_time"": ""2026-05-05T07:00:00+0000""}, {""value"": 5165, ""end_time"": ""2026-05-06T07:00:00+0000""}, {""value"": 5327, ""end_time"": ""2026-05-07T07:00:00+0000""}, {""value"": 5854, ""end_time"": ""2026-05-08T07:00:00+0000""}, {""value"": 6875, ""end_time"": ""2026-05-09T07:00:00+0000""}, {""value"": 7401, ""end_time"": ""2026-05-10T07:00:00+0000""}, {""value"": 8129, ""end_time"": ""2026-05-11T07:00:00+0000""}, {""value"": 8823, ""end_time"": ""2026-05-12T07:00:00+0000""}, {""value"": 9246, ""end_time"": ""2026-05-13T07:00:00+0000""}, {""value"": 9290, ""end_time"": ""2026-05-14T07:00:00+0000""}, {""value"": 9464, ""end_time"": ""2026-05-15T07:00:00+0000""}, {""value"": 9585, ""end_time"": ""2026-05-16T07:00:00+0000""}, {""value"": 9526, ""end_time"": ""2026-05-17T07:00:00+0000""}, {""value"": 9610, ""end_time"": ""2026-05-18T07:00:00+0000""}, {""value"": 9671, ""end_time"": ""2026-05-19T07:00:00+0000""}, {""value"": 9968, ""end_time"": ""2026-05-20T07:00:00+0000""}, {""value"": 10161, ""end_time"": ""20...[truncated 1227 chars]",186648,"[{""value"": 4958, ""end_time"": ""2026-05-02T07:00:00+0000""}, {""value"": 5049, ""end_time"": ""2026-05-03T07:00:00+0000""}, {""value"": 5107, ""end_time"": ""2026-05-04T07:00:00+0000""}, {""value"": 5182, ""end_time"": ""2026-05-05T07:00:00+0000""}, {""value"": 5165, ""end_time"": ""2026-05-06T07:00:00+0000""}, {""value"": 5327, ""end_time"": ""2026-05-07T07:00:00+0000""}, {""value"": 5854, ""end_time"": ""2026-05-08T07:00:00+0000""}, {""value"": 6875, ""end_time"": ""2026-05-09T07:00:00+0000""}, {""value"": 7401, ""end_time"": ""2026-05-10T07:00:00+0000""}, {""value"": 8129, ""end_time"": ""2026-05-11T07:00:00+0000""}, {""value"": 8823, ""end_time"": ""2026-05-12T07:00:00+0000""}, {""value"": 9246, ""end_time"": ""2026-05-13T07:00:00+0000""}, {""value"": 9290, ""end_time"": ""2026-05-14T07:00:00+0000""}, {""value"": 9464, ""end_time"": ""2026-05-15T07:00:00+0000""}, {""value"": 9585, ""end_time"": ""2026-05-16T07:00:00+0000""}, {""value"": 9526, ""end_time"": ""2026-05-17T07:00:00+0000""}, {""value"": 9610, ""end_time"": ""2026-05-18T07:00:00+0000""}, {""value"": 9671, ""end_time"": ""2026-05-19T07:00:00+0000""}, {""value"": 9968, ""end_time"": ""2026-05-20T07:00:00+0000""}, {""value"": 10161, ""end_time"": ""2026-05-21T07:00:00+0000""}, {""value"": 10451, ""end_time"": ""2026-05-22T07:00:00+0000""}, {""value"": 10837, ""end_time"": ""2026-05-23T07:00:00+0000""}, {""value"": 10969, ""end_time"": ""2026-05-24T07:00:00+0000""}]",,,,page_insights,,200,False,True,,,23,
True,,,,,,,,,,,10187,page_posts_impressions_organic,,,total_over_range,,"{""data"": [{""name"": ""page_posts_impressions_organic"", ""period"": ""total_over_range"", ""values"": [{""value"": 10187, ""end_time"": ""2026-05-24T07:00:00+0000""}], ""title"": ""Impresiones orgánicas de las publicaciones de tu página"", ""description"": ""Número de veces que las publicaciones de tu página se mostraron en pantalla a través de distribución orgánica."", ""id"": ""434205256738068/insights/page_posts_impressions_organic/total_over_range""}], ""paging"": {""previous"": ""https://graph.facebook.com/v25.0/434205256738068/insights?access_token=EAAM8CZCMoyPoBR53aJq7eMSkzQnXZB7wZAayh66BkZAeHfgarI6YPgmelS5n5NwhEERGsPdE1LBxknZAgIQp2vS4wynwgRkPMdvKSqOFjb1fbXGLR25ONLQwIlaxEbeGNlZCLKIkaZARTsxedwNUOEujLuZCVkt5fPkW4HjsOH5uCQkszzxSZCglJD3wfj9D75Y271WUt0nwS&since=1775631600&until=1777618800&metric=page_posts_impressions_organic&period=total_over_range"", ""next"": ""https://graph.facebook.com/v25.0/434205256738068/insights?access_token=EAAM8CZCMoyPoBR53aJq7eMSkzQnXZB7wZAayh66BkZAeHfgarI6YPgmelS5n5NwhEERGsPdE1LBxknZAgIQp2vS4wynwgRkPMdvKSqOFjb1fbXGLR25ONLQwIlaxEbeGNlZCLKIkaZARTsxedwNUOEujLuZCVkt5fPkW4HjsOH5uCQkszzxSZCglJD3wfj9D75Y271WUt0nwS&since=1779606000&until=1781593200&metric=page_posts_impressions_organic&period=...[truncated 19 chars]",10187,"[{""value"": 10187, ""end_time"": ""2026-05-24T07:00:00+0000""}]",,,,page_insights,,200,False,True,,,1,
False,,,,,,100,(#100) The value must be a valid insights metric,,A5WB7m7bnmH_5UweQKFb896,,,page_posts_impressions_paid,,,day,,"{""error"": {""message"": ""(#100) The value must be a valid insights metric"", ""type"": ""OAuthException"", ""code"": 100, ""fbtrace_id"": ""A5WB7m7bnmH_5UweQKFb896""}}",,[],,,,page_insights,,400,False,False,,,0,
False,,,,,,100,(#100) The value must be a valid insights metric,,AkFuI1uu_NqFP7pv0a6PDyy,,,page_posts_impressions_paid,,,days_28,,"{""error"": {""message"": ""(#100) The value must be a valid insights metric"", ""type"": ""OAuthException"", ""code"": 100, ""fbtrace_id"": ""AkFuI1uu_NqFP7pv0a6PDyy""}}",,[],,,,page_insights,,400,False,False,,,0,
False,,,,,,100,(#100) The value must be a valid insights metric,,AWzNdsVqqgPl6vTtf0SdZAL,,,page_posts_impressions_paid,,,total_over_range,,"{""error"": {""message"": ""(#100) The value must be a valid insights metric"", ""type"": ""OAuthException"", ""code"": 100, ""fbtrace_id"": ""AWzNdsVqqgPl6vTtf0SdZAL""}}",,[],,,,page_insights,,400,False,False,,,0,
False,,,,,,100,(#100) The value must be a valid insights metric,,ANbznClmXBKkAtZLG_ZawAD,,,page_posts_impressions_unique,,,day,,"{""error"": {""message"": ""(#100) The value must be a valid insights metric"", ""type"": ""OAuthException"", ""code"": 100, ""fbtrace_id"": ""ANbznClmXBKkAtZLG_ZawAD""}}",,[],,,,page_insights,,400,False,False,,,0,
False,,,,,,100,(#100) The value must be a valid insights metric,,AGn3rDwJZdsxhb4rqVVN4i9,,,page_posts_impressions_unique,,,days_28,,"{""error"": {""message"": ""(#100) The value must be a valid insights metric"", ""type"": ""OAuthException"", ""code"": 100, ""fbtrace_id"": ""AGn3rDwJZdsxhb4rqVVN4i9""}}",,[],,,,page_insights,,400,False,False,,,0,
False,,,,,,100,(#100) The value must be a valid insights metric,,A_XbKZXaxLNKg28CZTPlC5T,,,page_posts_impressions_unique,,,total_over_range,,"{""error"": {""message"": ""(#100) The value must be a valid insights metric"", ""type"": ""OAuthException"", ""code"": 100, ""fbtrace_id"": ""A_XbKZXaxLNKg28CZTPlC5T""}}",,[],,,,page_insights,,400,False,False,,,0,
False,,,,,,100,(#100) The value must be a valid insights metric,,AZ1W7ge8ArZbWaeB2a_Vf1H,,,page_posts_impressions,,,day,,"{""error"": {""message"": ""(#100) The value must be a valid insights metric"", ""type"": ""OAuthException"", ""code"": 100, ""fbtrace_id"": ""AZ1W7ge8ArZbWaeB2a_Vf1H""}}",,[],,,,page_insights,,400,False,False,,,0,
False,,,,,,100,(#100) The value must be a valid insights metric,,A2OOjp46IIIJab3wV_v4PAF,,,page_posts_impressions,,,days_28,,"{""error"": {""message"": ""(#100) The value must be a valid insights metric"", ""type"": ""OAuthException"", ""code"": 100, ""fbtrace_id"": ""A2OOjp46IIIJab3wV_v4PAF""}}",,[],,,,page_insights,,400,False,False,,,0,
False,,,,,,100,(#100) The value must be a valid insights metric,,AVswL_f9iPPfuueXbFPRvrP,,,page_posts_impressions,,,total_over_range,,"{""error"": {""message"": ""(#100) The value must be a valid insights metric"", ""type"": ""OAuthException"", ""code"": 100, ""fbtrace_id"": ""AVswL_f9iPPfuueXbFPRvrP""}}",,[],,,,page_insights,,400,False,False,,,0,
False,,,,,,100,(#100) The value must be a valid insights metric,,A53Wg6sdhaDbZTnR7SsXE_G,,,page_impressions,,,day,,"{""error"": {""message"": ""(#100) The value must be a valid insights metric"", ""type"": ""OAuthException"", ""code"": 100, ""fbtrace_id"": ""A53Wg6sdhaDbZTnR7SsXE_G""}}",,[],,,,page_insights,,400,False,False,,,0,
False,,,,,,100,(#100) The value must be a valid insights metric,,A7urzwTQOzc-uyM1gh74i8j,,,page_impressions,,,days_28,,"{""error"": {""message"": ""(#100) The value must be a valid insights metric"", ""type"": ""OAuthException"", ""code"": 100, ""fbtrace_id"": ""A7urzwTQOzc-uyM1gh74i8j""}}",,[],,,,page_insights,,400,False,False,,,0,
False,,,,,,100,(#100) The value must be a valid insights metric,,AGmuoLn0I0Sc-fXU0e8t9XV,,,page_impressions,,,total_over_range,,"{""error"": {""message"": ""(#100) The value must be a valid insights metric"", ""type"": ""OAuthException"", ""code"": 100, ""fbtrace_id"": ""AGmuoLn0I0Sc-fXU0e8t9XV""}}",,[],,,,page_insights,,400,False,False,,,0,
False,,,,,,100,(#100) The value must be a valid insights metric,,A8eQxQ0qqKgfCrboXaI5CDV,,,page_impressions_unique,,,day,,"{""error"": {""message"": ""(#100) The value must be a valid insights metric"", ""type"": ""OAuthException"", ""code"": 100, ""fbtrace_id"": ""A8eQxQ0qqKgfCrboXaI5CDV""}}",,[],,,,page_insights,,400,False,False,,,0,
False,,,,,,100,(#100) The value must be a valid insights metric,,AbdqT6uFwiyhjfSC_K_Cf-p,,,page_impressions_unique,,,days_28,,"{""error"": {""message"": ""(#100) The value must be a valid insights metric"", ""type"": ""OAuthException"", ""code"": 100, ""fbtrace_id"": ""AbdqT6uFwiyhjfSC_K_Cf-p""}}",,[],,,,page_insights,,400,False,False,,,0,
False,,,,,,100,(#100) The value must be a valid insights metric,,AThAwYTfbKQdWSJMkLNU5x-,,,page_impressions_unique,,,total_over_range,,"{""error"": {""message"": ""(#100) The value must be a valid insights metric"", ""type"": ""OAuthException"", ""code"": 100, ""fbtrace_id"": ""AThAwYTfbKQdWSJMkLNU5x-""}}",,[],,,,page_insights,,400,False,False,,,0,
False,,,,,,100,(#100) The value must be a valid insights metric,,AiOb1iOSbidTYOJWADlV34d,,,page_impressions_paid,,,day,,"{""error"": {""message"": ""(#100) The value must be a valid insights metric"", ""type"": ""OAuthException"", ""code"": 100, ""fbtrace_id"": ""AiOb1iOSbidTYOJWADlV34d""}}",,[],,,,page_insights,,400,False,False,,,0,
False,,,,,,100,(#100) The value must be a valid insights metric,,AMiBSmzDXX6qGySTpJMqvPT,,,page_impressions_paid,,,days_28,,"{""error"": {""message"": ""(#100) The value must be a valid insights metric"", ""type"": ""OAuthException"", ""code"": 100, ""fbtrace_id"": ""AMiBSmzDXX6qGySTpJMqvPT""}}",,[],,,,page_insights,,400,False,False,,,0,
False,,,,,,100,(#100) The value must be a valid insights metric,,AfrBd22C-N-V_lZ9LatU3fw,,,page_impressions_paid,,,total_over_range,,"{""error"": {""message"": ""(#100) The value must be a valid insights metric"", ""type"": ""OAuthException"", ""code"": 100, ""fbtrace_id"": ""AfrBd22C-N-V_lZ9LatU3fw""}}",,[],,,,page_insights,,400,False,False,,,0,
False,,,,,,100,(#100) The value must be a valid insights metric,,Ago4hIOAeHlsxlNtmg9SXaf,,,page_impressions_organic,,,day,,"{""error"": {""message"": ""(#100) The value must be a valid insights metric"", ""type"": ""OAuthException"", ""code"": 100, ""fbtrace_id"": ""Ago4hIOAeHlsxlNtmg9SXaf""}}",,[],,,,page_insights,,400,False,False,,,0,
False,,,,,,100,(#100) The value must be a valid insights metric,,AxJgwj85lZMBq4ubjwdVlbd,,,page_impressions_organic,,,days_28,,"{""error"": {""message"": ""(#100) The value must be a valid insights metric"", ""type"": ""OAuthException"", ""code"": 100, ""fbtrace_id"": ""AxJgwj85lZMBq4ubjwdVlbd""}}",,[],,,,page_insights,,400,False,False,,,0,
False,,,,,,100,(#100) The value must be a valid insights metric,,AVlqMzh_KVRhDZSwZnOOQOi,,,page_impressions_organic,,,total_over_range,,"{""error"": {""message"": ""(#100) The value must be a valid insights metric"", ""type"": ""OAuthException"", ""code"": 100, ""fbtrace_id"": ""AVlqMzh_KVRhDZSwZnOOQOi""}}",,[],,,,page_insights,,400,False,False,,,0,
False,,,,,,100,(#100) The value must be a valid insights metric,,AY_ntMezfpSTLxs40qaHNwP,,,page_fans,,,day,,"{""error"": {""message"": ""(#100) The value must be a valid insights metric"", ""type"": ""OAuthException"", ""code"": 100, ""fbtrace_id"": ""AY_ntMezfpSTLxs40qaHNwP""}}",,[],,,,page_insights,,400,False,False,,,0,
False,,,,,,100,(#100) The value must be a valid insights metric,,AxzR43b02EMUJ4PYj_0u-OD,,,page_fans,,,days_28,,"{""error"": {""message"": ""(#100) The value must be a valid insights metric"", ""type"": ""OAuthException"", ""code"": 100, ""fbtrace_id"": ""AxzR43b02EMUJ4PYj_0u-OD""}}",,[],,,,page_insights,,400,False,False,,,0,
False,,,,,,100,(#100) The value must be a valid insights metric,,AZv8KOj1V-UudHvPTLCgJhj,,,page_fans,,,total_over_range,,"{""error"": {""message"": ""(#100) The value must be a valid insights metric"", ""type"": ""OAuthException"", ""code"": 100, ""fbtrace_id"": ""AZv8KOj1V-UudHvPTLCgJhj""}}",,[],,,,page_insights,,400,False,False,,,0,
False,,,,,,100,(#100) The value must be a valid insights metric,,AjkySD7Z4S-rOEi0MyqUxOg,,,page_fans_city,,,day,,"{""error"": {""message"": ""(#100) The value must be a valid insights metric"", ""type"": ""OAuthException"", ""code"": 100, ""fbtrace_id"": ""AjkySD7Z4S-rOEi0MyqUxOg""}}",,[],,,,page_insights,,400,False,False,,,0,
False,,,,,,100,(#100) The value must be a valid insights metric,,AoisiNwLsTsYpNPj1vuVo6R,,,page_fans_city,,,days_28,,"{""error"": {""message"": ""(#100) The value must be a valid insights metric"", ""type"": ""OAuthException"", ""code"": 100, ""fbtrace_id"": ""AoisiNwLsTsYpNPj1vuVo6R""}}",,[],,,,page_insights,,400,False,False,,,0,
False,,,,,,100,(#100) The value must be a valid insights metric,,AF4wMa55LgzA5FU6OqwO_o9,,,page_fans_city,,,total_over_range,,"{""error"": {""message"": ""(#100) The value must be a valid insights metric"", ""type"": ""OAuthException"", ""code"": 100, ""fbtrace_id"": ""AF4wMa55LgzA5FU6OqwO_o9""}}",,[],,,,page_insights,,400,False,False,,,0,
False,,,,,,100,(#100) The value must be a valid insights metric,,A9zBeSSGekZMc0yR9FaMaw0,,,page_fans_country,,,day,,"{""error"": {""message"": ""(#100) The value must be a valid insights metric"", ""type"": ""OAuthException"", ""code"": 100, ""fbtrace_id"": ""A9zBeSSGekZMc0yR9FaMaw0""}}",,[],,,,page_insights,,400,False,False,,,0,
False,,,,,,100,(#100) The value must be a valid insights metric,,AWl7RoXuNGDyjkozkpOwOzL,,,page_fans_country,,,days_28,,"{""error"": {""message"": ""(#100) The value must be a valid insights metric"", ""type"": ""OAuthException"", ""code"": 100, ""fbtrace_id"": ""AWl7RoXuNGDyjkozkpOwOzL""}}",,[],,,,page_insights,,400,False,False,,,0,
False,,,,,,100,(#100) The value must be a valid insights metric,,AiJPufLdGFXqJsww4R3Uvfe,,,page_fans_country,,,total_over_range,,"{""error"": {""message"": ""(#100) The value must be a valid insights metric"", ""type"": ""OAuthException"", ""code"": 100, ""fbtrace_id"": ""AiJPufLdGFXqJsww4R3Uvfe""}}",,[],,,,page_insights,,400,False,False,,,0,
False,,,,,,100,(#100) The value must be a valid insights metric,,AzcPmzGASt_JiYz56mbgRLe,,,page_fans_gender_age,,,day,,"{""error"": {""message"": ""(#100) The value must be a valid insights metric"", ""type"": ""OAuthException"", ""code"": 100, ""fbtrace_id"": ""AzcPmzGASt_JiYz56mbgRLe""}}",,[],,,,page_insights,,400,False,False,,,0,
False,,,,,,100,(#100) The value must be a valid insights metric,,AW94PsPFVYeXULRV39p9zAY,,,page_fans_gender_age,,,days_28,,"{""error"": {""message"": ""(#100) The value must be a valid insights metric"", ""type"": ""OAuthException"", ""code"": 100, ""fbtrace_id"": ""AW94PsPFVYeXULRV39p9zAY""}}",,[],,,,page_insights,,400,False,False,,,0,
False,,,,,,100,(#100) The value must be a valid insights metric,,A5vM83rppa4pASvN_zu5CRw,,,page_fans_gender_age,,,total_over_range,,"{""error"": {""message"": ""(#100) The value must be a valid insights metric"", ""type"": ""OAuthException"", ""code"": 100, ""fbtrace_id"": ""A5vM83rppa4pASvN_zu5CRw""}}",,[],,,,page_insights,,400,False,False,,,0,
False,,,,,,100,(#100) The value must be a valid insights metric,,Axs7w2sC3UVUPXJEiaMfxiv,,,page_fan_adds,,,day,,"{""error"": {""message"": ""(#100) The value must be a valid insights metric"", ""type"": ""OAuthException"", ""code"": 100, ""fbtrace_id"": ""Axs7w2sC3UVUPXJEiaMfxiv""}}",,[],,,,page_insights,,400,False,False,,,0,
False,,,,,,100,(#100) The value must be a valid insights metric,,AbDXrwHhR8pGKJpjlnAyc3h,,,page_fan_adds,,,days_28,,"{""error"": {""message"": ""(#100) The value must be a valid insights metric"", ""type"": ""OAuthException"", ""code"": 100, ""fbtrace_id"": ""AbDXrwHhR8pGKJpjlnAyc3h""}}",,[],,,,page_insights,,400,False,False,,,0,
False,,,,,,100,(#100) The value must be a valid insights metric,,Ah9RIJGrCiQkXD5soBAvKfk,,,page_fan_adds,,,total_over_range,,"{""error"": {""message"": ""(#100) The value must be a valid insights metric"", ""type"": ""OAuthException"", ""code"": 100, ""fbtrace_id"": ""Ah9RIJGrCiQkXD5soBAvKfk""}}",,[],,,,page_insights,,400,False,False,,,0,
False,,,,,,100,(#100) The value must be a valid insights metric,,AsGcs4m2AfJOz75hrHyp0Dv,,,page_fan_removes,,,day,,"{""error"": {""message"": ""(#100) The value must be a valid insights metric"", ""type"": ""OAuthException"", ""code"": 100, ""fbtrace_id"": ""AsGcs4m2AfJOz75hrHyp0Dv""}}",,[],,,,page_insights,,400,False,False,,,0,
False,,,,,,100,(#100) The value must be a valid insights metric,,AFVosFYPXsXDlxNHCCPVeP6,,,page_fan_removes,,,days_28,,"{""error"": {""message"": ""(#100) The value must be a valid insights metric"", ""type"": ""OAuthException"", ""code"": 100, ""fbtrace_id"": ""AFVosFYPXsXDlxNHCCPVeP6""}}",,[],,,,page_insights,,400,False,False,,,0,
False,,,,,,100,(#100) The value must be a valid insights metric,,ANtWKKPPU9imyy0mvSnFghl,,,page_fan_removes,,,total_over_range,,"{""error"": {""message"": ""(#100) The value must be a valid insights metric"", ""type"": ""OAuthException"", ""code"": 100, ""fbtrace_id"": ""ANtWKKPPU9imyy0mvSnFghl""}}",,[],,,,page_insights,,400,False,False,,,0,
False,,,,,,100,(#100) The value must be a valid insights metric,,A84G4HwAqWzSisXmgTiSVIT,,,page_views_by_site_logged_in_unique,,,day,,"{""error"": {""message"": ""(#100) The value must be a valid insights metric"", ""type"": ""OAuthException"", ""code"": 100, ""fbtrace_id"": ""A84G4HwAqWzSisXmgTiSVIT""}}",,[],,,,page_insights,,400,False,False,,,0,
False,,,,,,100,(#100) The value must be a valid insights metric,,AELngpKfgvpF0Vtutr20hn9,,,page_views_by_site_logged_in_unique,,,days_28,,"{""error"": {""message"": ""(#100) The value must be a valid insights metric"", ""type"": ""OAuthException"", ""code"": 100, ""fbtrace_id"": ""AELngpKfgvpF0Vtutr20hn9""}}",,[],,,,page_insights,,400,False,False,,,0,
False,,,,,,100,(#100) The value must be a valid insights metric,,ANoGBXB6zECJEKXCoGebw1G,,,page_views_by_site_logged_in_unique,,,total_over_range,,"{""error"": {""message"": ""(#100) The value must be a valid insights metric"", ""type"": ""OAuthException"", ""code"": 100, ""fbtrace_id"": ""ANoGBXB6zECJEKXCoGebw1G""}}",,[],,,,page_insights,,400,False,False,,,0,
False,,,,,,100,(#100) The value must be a valid insights metric,,ANGKMii36XMURw1N5AxxE3z,,,page_views_by_profile_tab_total,,,day,,"{""error"": {""message"": ""(#100) The value must be a valid insights metric"", ""type"": ""OAuthException"", ""code"": 100, ""fbtrace_id"": ""ANGKMii36XMURw1N5AxxE3z""}}",,[],,,,page_insights,,400,False,False,,,0,
False,,,,,,100,(#100) The value must be a valid insights metric,,A8nQOeXS1wV0bF954lcFQ5K,,,page_views_by_profile_tab_total,,,days_28,,"{""error"": {""message"": ""(#100) The value must be a valid insights metric"", ""type"": ""OAuthException"", ""code"": 100, ""fbtrace_id"": ""A8nQOeXS1wV0bF954lcFQ5K""}}",,[],,,,page_insights,,400,False,False,,,0,
False,,,,,,100,(#100) The value must be a valid insights metric,,AEGbs7S5gStiZrLXn2tVNOQ,,,page_views_by_profile_tab_total,,,total_over_range,,"{""error"": {""message"": ""(#100) The value must be a valid insights metric"", ""type"": ""OAuthException"", ""code"": 100, ""fbtrace_id"": ""AEGbs7S5gStiZrLXn2tVNOQ""}}",,[],,,,page_insights,,400,False,False,,,0,
True,,,,,,,,,,,0,page_total_actions,,,day,,"{""data"": [{""name"": ""page_total_actions"", ""period"": ""day"", ""values"": [{""value"": 0, ""end_time"": ""2026-05-02T07:00:00+0000""}, {""value"": 0, ""end_time"": ""2026-05-03T07:00:00+0000""}, {""value"": 0, ""end_time"": ""2026-05-04T07:00:00+0000""}, {""value"": 0, ""end_time"": ""2026-05-05T07:00:00+0000""}, {""value"": 0, ""end_time"": ""2026-05-06T07:00:00+0000""}, {""value"": 0, ""end_time"": ""2026-05-07T07:00:00+0000""}, {""value"": 0, ""end_time"": ""2026-05-08T07:00:00+0000""}, {""value"": 0, ""end_time"": ""2026-05-09T07:00:00+0000""}, {""value"": 0, ""end_time"": ""2026-05-10T07:00:00+0000""}, {""value"": 0, ""end_time"": ""2026-05-11T07:00:00+0000""}, {""value"": 0, ""end_time"": ""2026-05-12T07:00:00+0000""}, {""value"": 0, ""end_time"": ""2026-05-13T07:00:00+0000""}, {""value"": 0, ""end_time"": ""2026-05-14T07:00:00+0000""}, {""value"": 0, ""end_time"": ""2026-05-15T07:00:00+0000""}, {""value"": 0, ""end_time"": ""2026-05-16T07:00:00+0000""}, {""value"": 0, ""end_time"": ""2026-05-17T07:00:00+0000""}, {""value"": 0, ""end_time"": ""2026-05-18T07:00:00+0000""}, {""value"": 0, ""end_time"": ""2026-05-19T07:00:00+0000""}, {""value"": 0, ""end_time"": ""2026-05-20T07:00:00+0000""}, {""value"": 0, ""end_time"": ""2026-05-21T07:00:00+0000""}, {""value"": 0, ""end_time"": ""2026-05-22T07:00:00+0000""...[truncated 1060 chars]",0,"[{""value"": 0, ""end_time"": ""2026-05-02T07:00:00+0000""}, {""value"": 0, ""end_time"": ""2026-05-03T07:00:00+0000""}, {""value"": 0, ""end_time"": ""2026-05-04T07:00:00+0000""}, {""value"": 0, ""end_time"": ""2026-05-05T07:00:00+0000""}, {""value"": 0, ""end_time"": ""2026-05-06T07:00:00+0000""}, {""value"": 0, ""end_time"": ""2026-05-07T07:00:00+0000""}, {""value"": 0, ""end_time"": ""2026-05-08T07:00:00+0000""}, {""value"": 0, ""end_time"": ""2026-05-09T07:00:00+0000""}, {""value"": 0, ""end_time"": ""2026-05-10T07:00:00+0000""}, {""value"": 0, ""end_time"": ""2026-05-11T07:00:00+0000""}, {""value"": 0, ""end_time"": ""2026-05-12T07:00:00+0000""}, {""value"": 0, ""end_time"": ""2026-05-13T07:00:00+0000""}, {""value"": 0, ""end_time"": ""2026-05-14T07:00:00+0000""}, {""value"": 0, ""end_time"": ""2026-05-15T07:00:00+0000""}, {""value"": 0, ""end_time"": ""2026-05-16T07:00:00+0000""}, {""value"": 0, ""end_time"": ""2026-05-17T07:00:00+0000""}, {""value"": 0, ""end_time"": ""2026-05-18T07:00:00+0000""}, {""value"": 0, ""end_time"": ""2026-05-19T07:00:00+0000""}, {""value"": 0, ""end_time"": ""2026-05-20T07:00:00+0000""}, {""value"": 0, ""end_time"": ""2026-05-21T07:00:00+0000""}, {""value"": 0, ""end_time"": ""2026-05-22T07:00:00+0000""}, {""value"": 0, ""end_time"": ""2026-05-23T07:00:00+0000""}, {""value"": 0, ""end_time"": ""2026-05-24T07:00:00+0000""}]",,,,page_insights,,200,True,True,,,23,
True,,,,,,,,,,,0,page_total_actions,,,days_28,,"{""data"": [{""name"": ""page_total_actions"", ""period"": ""days_28"", ""values"": [{""value"": 0, ""end_time"": ""2026-05-02T07:00:00+0000""}, {""value"": 0, ""end_time"": ""2026-05-03T07:00:00+0000""}, {""value"": 0, ""end_time"": ""2026-05-04T07:00:00+0000""}, {""value"": 0, ""end_time"": ""2026-05-05T07:00:00+0000""}, {""value"": 0, ""end_time"": ""2026-05-06T07:00:00+0000""}, {""value"": 0, ""end_time"": ""2026-05-07T07:00:00+0000""}, {""value"": 0, ""end_time"": ""2026-05-08T07:00:00+0000""}, {""value"": 0, ""end_time"": ""2026-05-09T07:00:00+0000""}, {""value"": 0, ""end_time"": ""2026-05-10T07:00:00+0000""}, {""value"": 0, ""end_time"": ""2026-05-11T07:00:00+0000""}, {""value"": 0, ""end_time"": ""2026-05-12T07:00:00+0000""}, {""value"": 0, ""end_time"": ""2026-05-13T07:00:00+0000""}, {""value"": 0, ""end_time"": ""2026-05-14T07:00:00+0000""}, {""value"": 0, ""end_time"": ""2026-05-15T07:00:00+0000""}, {""value"": 0, ""end_time"": ""2026-05-16T07:00:00+0000""}, {""value"": 0, ""end_time"": ""2026-05-17T07:00:00+0000""}, {""value"": 0, ""end_time"": ""2026-05-18T07:00:00+0000""}, {""value"": 0, ""end_time"": ""2026-05-19T07:00:00+0000""}, {""value"": 0, ""end_time"": ""2026-05-20T07:00:00+0000""}, {""value"": 0, ""end_time"": ""2026-05-21T07:00:00+0000""}, {""value"": 0, ""end_time"": ""2026-05-22T07:00:00+0...[truncated 1080 chars]",0,"[{""value"": 0, ""end_time"": ""2026-05-02T07:00:00+0000""}, {""value"": 0, ""end_time"": ""2026-05-03T07:00:00+0000""}, {""value"": 0, ""end_time"": ""2026-05-04T07:00:00+0000""}, {""value"": 0, ""end_time"": ""2026-05-05T07:00:00+0000""}, {""value"": 0, ""end_time"": ""2026-05-06T07:00:00+0000""}, {""value"": 0, ""end_time"": ""2026-05-07T07:00:00+0000""}, {""value"": 0, ""end_time"": ""2026-05-08T07:00:00+0000""}, {""value"": 0, ""end_time"": ""2026-05-09T07:00:00+0000""}, {""value"": 0, ""end_time"": ""2026-05-10T07:00:00+0000""}, {""value"": 0, ""end_time"": ""2026-05-11T07:00:00+0000""}, {""value"": 0, ""end_time"": ""2026-05-12T07:00:00+0000""}, {""value"": 0, ""end_time"": ""2026-05-13T07:00:00+0000""}, {""value"": 0, ""end_time"": ""2026-05-14T07:00:00+0000""}, {""value"": 0, ""end_time"": ""2026-05-15T07:00:00+0000""}, {""value"": 0, ""end_time"": ""2026-05-16T07:00:00+0000""}, {""value"": 0, ""end_time"": ""2026-05-17T07:00:00+0000""}, {""value"": 0, ""end_time"": ""2026-05-18T07:00:00+0000""}, {""value"": 0, ""end_time"": ""2026-05-19T07:00:00+0000""}, {""value"": 0, ""end_time"": ""2026-05-20T07:00:00+0000""}, {""value"": 0, ""end_time"": ""2026-05-21T07:00:00+0000""}, {""value"": 0, ""end_time"": ""2026-05-22T07:00:00+0000""}, {""value"": 0, ""end_time"": ""2026-05-23T07:00:00+0000""}, {""value"": 0, ""end_time"": ""2026-05-24T07:00:00+0000""}]",,,,page_insights,,200,False,True,,,23,
True,,,,,,,,,,,0,page_total_actions,,,total_over_range,,"{""data"": [{""name"": ""page_total_actions"", ""period"": ""total_over_range"", ""values"": [{""value"": 0, ""end_time"": ""2026-05-24T07:00:00+0000""}], ""title"": null, ""description"": ""Número de clics en la información de contacto de tu página y el botón de llamada a la acción."", ""id"": ""434205256738068/insights/page_total_actions/total_over_range""}], ""paging"": {""previous"": ""https://graph.facebook.com/v25.0/434205256738068/insights?access_token=EAAM8CZCMoyPoBR53aJq7eMSkzQnXZB7wZAayh66BkZAeHfgarI6YPgmelS5n5NwhEERGsPdE1LBxknZAgIQp2vS4wynwgRkPMdvKSqOFjb1fbXGLR25ONLQwIlaxEbeGNlZCLKIkaZARTsxedwNUOEujLuZCVkt5fPkW4HjsOH5uCQkszzxSZCglJD3wfj9D75Y271WUt0nwS&since=1775631600&until=1777618800&metric=page_total_actions&period=total_over_range"", ""next"": ""https://graph.facebook.com/v25.0/434205256738068/insights?access_token=EAAM8CZCMoyPoBR53aJq7eMSkzQnXZB7wZAayh66BkZAeHfgarI6YPgmelS5n5NwhEERGsPdE1LBxknZAgIQp2vS4wynwgRkPMdvKSqOFjb1fbXGLR25ONLQwIlaxEbeGNlZCLKIkaZARTsxedwNUOEujLuZCVkt5fPkW4HjsOH5uCQkszzxSZCglJD3wfj9D75Y271WUt0nwS&since=1779606000&until=1781593200&metric=page_total_actions&period=total_over_range""}}",0,"[{""value"": 0, ""end_time"": ""2026-05-24T07:00:00+0000""}]",,,,page_insights,,200,False,True,,,1,
False,,,,,,100,(#100) The value must be a valid insights metric,,AxgKdZStywGo7UQAkmwQcOE,,,page_cta_clicks_logged_in_total,,,day,,"{""error"": {""message"": ""(#100) The value must be a valid insights metric"", ""type"": ""OAuthException"", ""code"": 100, ""fbtrace_id"": ""AxgKdZStywGo7UQAkmwQcOE""}}",,[],,,,page_insights,,400,False,False,,,0,
False,,,,,,100,(#100) The value must be a valid insights metric,,A00LH7KY5EAG5b2K3zgodqu,,,page_cta_clicks_logged_in_total,,,days_28,,"{""error"": {""message"": ""(#100) The value must be a valid insights metric"", ""type"": ""OAuthException"", ""code"": 100, ""fbtrace_id"": ""A00LH7KY5EAG5b2K3zgodqu""}}",,[],,,,page_insights,,400,False,False,,,0,
False,,,,,,100,(#100) The value must be a valid insights metric,,A6wVHRISRDho55x6UAbZEmL,,,page_cta_clicks_logged_in_total,,,total_over_range,,"{""error"": {""message"": ""(#100) The value must be a valid insights metric"", ""type"": ""OAuthException"", ""code"": 100, ""fbtrace_id"": ""A6wVHRISRDho55x6UAbZEmL""}}",,[],,,,page_insights,,400,False,False,,,0,
False,,,,,,100,(#100) The value must be a valid insights metric,,Az8uuFshxtauzTz_SIad1pD,,,page_get_directions_clicks_logged_in_unique,,,day,,"{""error"": {""message"": ""(#100) The value must be a valid insights metric"", ""type"": ""OAuthException"", ""code"": 100, ""fbtrace_id"": ""Az8uuFshxtauzTz_SIad1pD""}}",,[],,,,page_insights,,400,False,False,,,0,
False,,,,,,100,(#100) The value must be a valid insights metric,,AXUbYmYJkjtN6LEQw2CJ8Q1,,,page_get_directions_clicks_logged_in_unique,,,days_28,,"{""error"": {""message"": ""(#100) The value must be a valid insights metric"", ""type"": ""OAuthException"", ""code"": 100, ""fbtrace_id"": ""AXUbYmYJkjtN6LEQw2CJ8Q1""}}",,[],,,,page_insights,,400,False,False,,,0,
False,,,,,,100,(#100) The value must be a valid insights metric,,Alx9SSBYtnw1jIXyF0GUV16,,,page_get_directions_clicks_logged_in_unique,,,total_over_range,,"{""error"": {""message"": ""(#100) The value must be a valid insights metric"", ""type"": ""OAuthException"", ""code"": 100, ""fbtrace_id"": ""Alx9SSBYtnw1jIXyF0GUV16""}}",,[],,,,page_insights,,400,False,False,,,0,
False,,,,,,100,(#100) The value must be a valid insights metric,,AQ8YmIvTAjhWto5rpEXbRPT,,,page_website_clicks_logged_in_unique,,,day,,"{""error"": {""message"": ""(#100) The value must be a valid insights metric"", ""type"": ""OAuthException"", ""code"": 100, ""fbtrace_id"": ""AQ8YmIvTAjhWto5rpEXbRPT""}}",,[],,,,page_insights,,400,False,False,,,0,
False,,,,,,100,(#100) The value must be a valid insights metric,,AVkIFWZq1BwEwHIWmz6_YDX,,,page_website_clicks_logged_in_unique,,,days_28,,"{""error"": {""message"": ""(#100) The value must be a valid insights metric"", ""type"": ""OAuthException"", ""code"": 100, ""fbtrace_id"": ""AVkIFWZq1BwEwHIWmz6_YDX""}}",,[],,,,page_insights,,400,False,False,,,0,
False,,,,,,100,(#100) The value must be a valid insights metric,,A9Rd0DwO0uaboCc9JJf2k6K,,,page_website_clicks_logged_in_unique,,,total_over_range,,"{""error"": {""message"": ""(#100) The value must be a valid insights metric"", ""type"": ""OAuthException"", ""code"": 100, ""fbtrace_id"": ""A9Rd0DwO0uaboCc9JJf2k6K""}}",,[],,,,page_insights,,400,False,False,,,0,
False,,,,,,100,(#100) The value must be a valid insights metric,,Ai4FW2TYSrGMnEr5SMo5kwt,,,page_call_phone_clicks_logged_in_unique,,,day,,"{""error"": {""message"": ""(#100) The value must be a valid insights metric"", ""type"": ""OAuthException"", ""code"": 100, ""fbtrace_id"": ""Ai4FW2TYSrGMnEr5SMo5kwt""}}",,[],,,,page_insights,,400,False,False,,,0,
False,,,,,,100,(#100) The value must be a valid insights metric,,ADMDZe9gnihDb2-RixnWvX-,,,page_call_phone_clicks_logged_in_unique,,,days_28,,"{""error"": {""message"": ""(#100) The value must be a valid insights metric"", ""type"": ""OAuthException"", ""code"": 100, ""fbtrace_id"": ""ADMDZe9gnihDb2-RixnWvX-""}}",,[],,,,page_insights,,400,False,False,,,0,
False,,,,,,100,(#100) The value must be a valid insights metric,,AnKCxHAy3fCYQ62VBVcLYyD,,,page_call_phone_clicks_logged_in_unique,,,total_over_range,,"{""error"": {""message"": ""(#100) The value must be a valid insights metric"", ""type"": ""OAuthException"", ""code"": 100, ""fbtrace_id"": ""AnKCxHAy3fCYQ62VBVcLYyD""}}",,[],,,,page_insights,,400,False,False,,,0,
False,,,,,,100,(#100) The value must be a valid insights metric,,ANn7ilqt4XEUBgAtr6z8QPs,,,page_consumptions,,,day,,"{""error"": {""message"": ""(#100) The value must be a valid insights metric"", ""type"": ""OAuthException"", ""code"": 100, ""fbtrace_id"": ""ANn7ilqt4XEUBgAtr6z8QPs""}}",,[],,,,page_insights,,400,False,False,,,0,
False,,,,,,100,(#100) The value must be a valid insights metric,,ACNAVsGXkRvY4_wKtfHPyDe,,,page_consumptions,,,days_28,,"{""error"": {""message"": ""(#100) The value must be a valid insights metric"", ""type"": ""OAuthException"", ""code"": 100, ""fbtrace_id"": ""ACNAVsGXkRvY4_wKtfHPyDe""}}",,[],,,,page_insights,,400,False,False,,,0,
False,,,,,,100,(#100) The value must be a valid insights metric,,AK5yzYe7TH80pAubzww_lM1,,,page_consumptions,,,total_over_range,,"{""error"": {""message"": ""(#100) The value must be a valid insights metric"", ""type"": ""OAuthException"", ""code"": 100, ""fbtrace_id"": ""AK5yzYe7TH80pAubzww_lM1""}}",,[],,,,page_insights,,400,False,False,,,0,
False,,,,,,100,(#100) The value must be a valid insights metric,,AsULBoriRIkbFJCwAo2CXVb,,,page_consumptions_unique,,,day,,"{""error"": {""message"": ""(#100) The value must be a valid insights metric"", ""type"": ""OAuthException"", ""code"": 100, ""fbtrace_id"": ""AsULBoriRIkbFJCwAo2CXVb""}}",,[],,,,page_insights,,400,False,False,,,0,
False,,,,,,100,(#100) The value must be a valid insights metric,,AjaRp7tsxmFPQlUjB1qKKVH,,,page_consumptions_unique,,,days_28,,"{""error"": {""message"": ""(#100) The value must be a valid insights metric"", ""type"": ""OAuthException"", ""code"": 100, ""fbtrace_id"": ""AjaRp7tsxmFPQlUjB1qKKVH""}}",,[],,,,page_insights,,400,False,False,,,0,
False,,,,,,100,(#100) The value must be a valid insights metric,,A7DyfAhl-HY-dNn2PL7rt2h,,,page_consumptions_unique,,,total_over_range,,"{""error"": {""message"": ""(#100) The value must be a valid insights metric"", ""type"": ""OAuthException"", ""code"": 100, ""fbtrace_id"": ""A7DyfAhl-HY-dNn2PL7rt2h""}}",,[],,,,page_insights,,400,False,False,,,0,
False,,,,,,100,(#100) The value must be a valid insights metric,,AQvoF_fT2vINYOCXOdBqRfR,,,page_positive_feedback_by_type,,,day,,"{""error"": {""message"": ""(#100) The value must be a valid insights metric"", ""type"": ""OAuthException"", ""code"": 100, ""fbtrace_id"": ""AQvoF_fT2vINYOCXOdBqRfR""}}",,[],,,,page_insights,,400,False,False,,,0,
False,,,,,,100,(#100) The value must be a valid insights metric,,AjwpxgQQMcYI_ZAju61cbGH,,,page_positive_feedback_by_type,,,days_28,,"{""error"": {""message"": ""(#100) The value must be a valid insights metric"", ""type"": ""OAuthException"", ""code"": 100, ""fbtrace_id"": ""AjwpxgQQMcYI_ZAju61cbGH""}}",,[],,,,page_insights,,400,False,False,,,0,
False,,,,,,100,(#100) The value must be a valid insights metric,,AXwShJCpg3gRDe2uCMjVzQU,,,page_positive_feedback_by_type,,,total_over_range,,"{""error"": {""message"": ""(#100) The value must be a valid insights metric"", ""type"": ""OAuthException"", ""code"": 100, ""fbtrace_id"": ""AXwShJCpg3gRDe2uCMjVzQU""}}",,[],,,,page_insights,,400,False,False,,,0,
False,,,,,,100,(#100) The value must be a valid insights metric,,Ay0_v-8QN5QtG8z8GvCKCaX,,,page_negative_feedback_by_type,,,day,,"{""error"": {""message"": ""(#100) The value must be a valid insights metric"", ""type"": ""OAuthException"", ""code"": 100, ""fbtrace_id"": ""Ay0_v-8QN5QtG8z8GvCKCaX""}}",,[],,,,page_insights,,400,False,False,,,0,
False,,,,,,100,(#100) The value must be a valid insights metric,,A3GsPqzvXzGsGIyeq5tawWr,,,page_negative_feedback_by_type,,,days_28,,"{""error"": {""message"": ""(#100) The value must be a valid insights metric"", ""type"": ""OAuthException"", ""code"": 100, ""fbtrace_id"": ""A3GsPqzvXzGsGIyeq5tawWr""}}",,[],,,,page_insights,,400,False,False,,,0,
False,,,,,,100,(#100) The value must be a valid insights metric,,APbnwan_9Bv9aPzi3q9ntmy,,,page_negative_feedback_by_type,,,total_over_range,,"{""error"": {""message"": ""(#100) The value must be a valid insights metric"", ""type"": ""OAuthException"", ""code"": 100, ""fbtrace_id"": ""APbnwan_9Bv9aPzi3q9ntmy""}}",,[],,,,page_insights,,400,False,False,,,0,
False,,,,,,100,(#100) The value must be a valid insights metric,,AJqdx2XP7Hkia3JlK8aHAmp,,,page_places_checkin_total,,,day,,"{""error"": {""message"": ""(#100) The value must be a valid insights metric"", ""type"": ""OAuthException"", ""code"": 100, ""fbtrace_id"": ""AJqdx2XP7Hkia3JlK8aHAmp""}}",,[],,,,page_insights,,400,False,False,,,0,
False,,,,,,100,(#100) The value must be a valid insights metric,,AThHU76IG5-89dQ8_GKk_EW,,,page_places_checkin_total,,,days_28,,"{""error"": {""message"": ""(#100) The value must be a valid insights metric"", ""type"": ""OAuthException"", ""code"": 100, ""fbtrace_id"": ""AThHU76IG5-89dQ8_GKk_EW""}}",,[],,,,page_insights,,400,False,False,,,0,
False,,,,,,100,(#100) The value must be a valid insights metric,,AFTvK3QyzwGU7NSMIqVCDjf,,,page_places_checkin_total,,,total_over_range,,"{""error"": {""message"": ""(#100) The value must be a valid insights metric"", ""type"": ""OAuthException"", ""code"": 100, ""fbtrace_id"": ""AFTvK3QyzwGU7NSMIqVCDjf""}}",,[],,,,page_insights,,400,False,False,,,0,
False,,,,,,100,(#100) The value must be a valid insights metric,,AsndYXBCJgAydhELvWbg9Pu,,,page_places_checkin_total_unique,,,day,,"{""error"": {""message"": ""(#100) The value must be a valid insights metric"", ""type"": ""OAuthException"", ""code"": 100, ""fbtrace_id"": ""AsndYXBCJgAydhELvWbg9Pu""}}",,[],,,,page_insights,,400,False,False,,,0,
False,,,,,,100,(#100) The value must be a valid insights metric,,AjwtqDz_aQpwa2PCQISCFvq,,,page_places_checkin_total_unique,,,days_28,,"{""error"": {""message"": ""(#100) The value must be a valid insights metric"", ""type"": ""OAuthException"", ""code"": 100, ""fbtrace_id"": ""AjwtqDz_aQpwa2PCQISCFvq""}}",,[],,,,page_insights,,400,False,False,,,0,
False,,,,,,100,(#100) The value must be a valid insights metric,,A3V-ki5X-yVV1mJIGLtoMo7,,,page_places_checkin_total_unique,,,total_over_range,,"{""error"": {""message"": ""(#100) The value must be a valid insights metric"", ""type"": ""OAuthException"", ""code"": 100, ""fbtrace_id"": ""A3V-ki5X-yVV1mJIGLtoMo7""}}",,[],,,,page_insights,,400,False,False,,,0,
False,,,,,,100,(#100) The value must be a valid insights metric,,A0bIHT49y4SwTdEbMR33z6I,,,page_posts_impressions_organic_unique,,,day,,"{""error"": {""message"": ""(#100) The value must be a valid insights metric"", ""type"": ""OAuthException"", ""code"": 100, ""fbtrace_id"": ""A0bIHT49y4SwTdEbMR33z6I""}}",,[],,,,page_insights,,400,False,False,,,0,
False,,,,,,100,(#100) The value must be a valid insights metric,,A4kWlSix0icmFoUlBOzKeNt,,,page_posts_impressions_organic_unique,,,days_28,,"{""error"": {""message"": ""(#100) The value must be a valid insights metric"", ""type"": ""OAuthException"", ""code"": 100, ""fbtrace_id"": ""A4kWlSix0icmFoUlBOzKeNt""}}",,[],,,,page_insights,,400,False,False,,,0,
False,,,,,,100,(#100) The value must be a valid insights metric,,AR8Up7uOZsgDd0QCHNLgPTm,,,page_posts_impressions_organic_unique,,,total_over_range,,"{""error"": {""message"": ""(#100) The value must be a valid insights metric"", ""type"": ""OAuthException"", ""code"": 100, ""fbtrace_id"": ""AR8Up7uOZsgDd0QCHNLgPTm""}}",,[],,,,page_insights,,400,False,False,,,0,
False,,,,,,100,(#100) The value must be a valid insights metric,,AcJ-Uvfi7lGp-aLGKeX3KdG,,,page_posts_impressions_viral,,,day,,"{""error"": {""message"": ""(#100) The value must be a valid insights metric"", ""type"": ""OAuthException"", ""code"": 100, ""fbtrace_id"": ""AcJ-Uvfi7lGp-aLGKeX3KdG""}}",,[],,,,page_insights,,400,False,False,,,0,
False,,,,,,100,(#100) The value must be a valid insights metric,,AH1E6q6ML-_NBygZG03_Cyl,,,page_posts_impressions_viral,,,days_28,,"{""error"": {""message"": ""(#100) The value must be a valid insights metric"", ""type"": ""OAuthException"", ""code"": 100, ""fbtrace_id"": ""AH1E6q6ML-_NBygZG03_Cyl""}}",,[],,,,page_insights,,400,False,False,,,0,
False,,,,,,100,(#100) The value must be a valid insights metric,,AA3qPIxWr5Mo-LID-_0YfzD,,,page_posts_impressions_viral,,,total_over_range,,"{""error"": {""message"": ""(#100) The value must be a valid insights metric"", ""type"": ""OAuthException"", ""code"": 100, ""fbtrace_id"": ""AA3qPIxWr5Mo-LID-_0YfzD""}}",,[],,,,page_insights,,400,False,False,,,0,
False,,,,,,100,(#100) The value must be a valid insights metric,,AwQHiDHNbbLyrRYKvZQ-KYa,,,page_posts_impressions_viral_unique,,,day,,"{""error"": {""message"": ""(#100) The value must be a valid insights metric"", ""type"": ""OAuthException"", ""code"": 100, ""fbtrace_id"": ""AwQHiDHNbbLyrRYKvZQ-KYa""}}",,[],,,,page_insights,,400,False,False,,,0,
False,,,,,,100,(#100) The value must be a valid insights metric,,AfZbCpKZfdRB179a1rJm25F,,,page_posts_impressions_viral_unique,,,days_28,,"{""error"": {""message"": ""(#100) The value must be a valid insights metric"", ""type"": ""OAuthException"", ""code"": 100, ""fbtrace_id"": ""AfZbCpKZfdRB179a1rJm25F""}}",,[],,,,page_insights,,400,False,False,,,0,
False,,,,,,100,(#100) The value must be a valid insights metric,,A2wNfKolvWHEydisGJ-GLBz,,,page_posts_impressions_viral_unique,,,total_over_range,,"{""error"": {""message"": ""(#100) The value must be a valid insights metric"", ""type"": ""OAuthException"", ""code"": 100, ""fbtrace_id"": ""A2wNfKolvWHEydisGJ-GLBz""}}",,[],,,,page_insights,,400,False,False,,,0,
False,,,0,,,,field_not_present_in_sampled_posts,,,id,,,,,,,,,,,,,page_posts,,,,,,,,
False,,,0,,,,field_not_present_in_sampled_posts,,,message,,,,,,,,,,,,,page_posts,,,,,,,,
False,,,0,,,,field_not_present_in_sampled_posts,,,created_time,,,,,,,,,,,,,page_posts,,,,,,,,
False,,,0,,,,field_not_present_in_sampled_posts,,,permalink_url,,,,,,,,,,,,,page_posts,,,,,,,,
False,,,0,,,,field_not_present_in_sampled_posts,,,full_picture,,,,,,,,,,,,,page_posts,,,,,,,,
False,,,0,,,,field_not_present_in_sampled_posts,,,status_type,,,,,,,,,,,,,page_posts,,,,,,,,
False,,,0,,,,field_not_present_in_sampled_posts,,,story,,,,,,,,,,,,,page_posts,,,,,,,,
False,,,0,,,,field_not_present_in_sampled_posts,,,attachments,,,,,,,,,,,,,page_posts,,,,,,,,
False,,,0,,,,field_not_present_in_sampled_posts,,,shares,,,,,,,,,,,,,page_posts,,,,,,,,
False,,,0,,,,field_not_present_in_sampled_posts,,,comments.summary(true),,,,,,,,,,,,,page_posts,,,,,,,,
False,,,0,,,,field_not_present_in_sampled_posts,,,reactions.summary(true),,,,,,,,,,,,,page_posts,,,,,,,,
False,,,0,,,,field_not_present_in_sampled_posts,,,likes.summary(true),,,,,,,,,,,,,page_posts,,,,,,,,
False,,,,,,,not_tested_no_video_posts_found,,,,,,,,,,,,,,,,video_insights,not_tested_no_video_posts_found,,,,,,,
,,medium,,False,,,,,,,,,about,value_type=str,,,,,,,,,page_fields,,,,,True,,,
,,medium,,False,,,,,,,,,access_token,value_type=str,,,,,,,,,page_fields,,,,,True,,,
,,medium,,False,,,,,,,,,category,value_type=str,,,,,,,,,page_fields,,,,,True,,,
,,medium,,False,,,,,,,,,category_list,value_type=list,,,,,,,,,page_fields,,,,,True,,,
,,high,,False,,,,,,,,,fan_count,value_type=int,,,,,,,summary_card_followers,,page_fields,,,,,True,,,
,,high,,False,,,,,,,,,followers_count,value_type=int,,,,,,,summary_card_followers,,page_fields,,,,,True,,,
,,medium,,False,,,,,,,,,hours,value_type=dict,,,,,,,,,page_fields,,,,,True,,,
,,medium,,False,,,,,,,,,id,value_type=str,,,,,,,,,page_fields,,,,,True,,,
,,medium,,False,,,,,,,,,is_verified,value_type=bool,,,,,,,,,page_fields,,,,,True,,,
,,medium,,False,,,,,,,,,link,value_type=str,,,,,,,,,page_fields,,,,,True,,,
,,medium,,False,,,,,,,,,location,value_type=dict,,,,,,,,,page_fields,,,,,True,,,
,,high,,False,,,,,,,,,name,value_type=str,,,,,,,,,page_fields,,,,,True,,,
,,medium,,False,,,,,,,,,overall_star_rating,value_type=float,,,,,,,,,page_fields,,,,,True,,,
,,medium,,False,,,,,,,,,phone,value_type=str,,,,,,,,,page_fields,,,,,True,,,
,,medium,,False,,,,,,,,,picture,value_type=dict,,,,,,,,,page_fields,,,,,True,,,
,,medium,,False,,,,,,,,,rating_count,value_type=int,,,,,,,,,page_fields,,,,,True,,,
,,medium,,False,,,,,,,,,talking_about_count,value_type=int,,,,,,,,,page_fields,,,,,True,,,
,,medium,,False,,,,,,,,,username,value_type=str,,,,,,,,,page_fields,,,,,True,,,
,,medium,,False,,,,,,,,,verification_status,value_type=str,,,,,,,,,page_fields,,,,,True,,,
,,medium,,False,,,,,,,,,website,value_type=str,,,,,,,,,page_fields,,,,,True,,,
,,medium,,False,,,,,,,,,were_here_count,value_type=int,,,,,,,,,page_fields,,,,,True,,,
,,high,,True,,,,,,,,,page_actions_post_reactions_total,"available_periods=day,days_28,total_over_range",,,,,,,summary_card_reactions,,page_insights,,,,,True,,,
,,high,,True,,,,,,,,,page_post_engagements,"available_periods=day,days_28,total_over_range",,,,,,,engagement_slide,,page_insights,,,,,True,,,
,,high,,True,,,,,,,,,page_posts_impressions_organic,"available_periods=day,days_28,total_over_range",,,,,,,visibility_slide_or_summary,,page_insights,,,,,True,,,
,,high,,True,,,,,,,,,page_total_actions,"available_periods=day,days_28,total_over_range",,,,,,,,,page_insights,,,,,True,,,
,,high,,True,,,,,,,,,page_views_total,"available_periods=day,days_28,total_over_range",,,,,,,summary_card_page_views,,page_insights,,,,,True,,,
,,,,,,100,(#100) The value must be a valid insights metric,,,,,page_call_phone_clicks_logged_in_unique,,,,,,,,,,,,,,,,,,,
,,,,,,100,(#100) The value must be a valid insights metric,,,,,page_consumptions,,,,,,,,,,,,,,,,,,,
,,,,,,100,(#100) The value must be a valid insights metric,,,,,page_consumptions_unique,,,,,,,,,,,,,,,,,,,
,,,,,,100,(#100) The value must be a valid insights metric,,,,,page_cta_clicks_logged_in_total,,,,,,,,,,,,,,,,,,,
,,,,,,100,(#100) The value must be a valid insights metric,,,,,page_fan_adds,,,,,,,,,,,,,,,,,,,
,,,,,,100,(#100) The value must be a valid insights metric,,,,,page_fan_removes,,,,,,,,,,,,,,,,,,,
,,,,,,100,(#100) The value must be a valid insights metric,,,,,page_fans,,,,,,,,,,,,,,,,,,,
,,,,,,100,(#100) The value must be a valid insights metric,,,,,page_fans_city,,,,,,,,,,,,,,,,,,,
,,,,,,100,(#100) The value must be a valid insights metric,,,,,page_fans_country,,,,,,,,,,,,,,,,,,,
,,,,,,100,(#100) The value must be a valid insights metric,,,,,page_fans_gender_age,,,,,,,,,,,,,,,,,,,
,,,,,,100,(#100) The value must be a valid insights metric,,,,,page_get_directions_clicks_logged_in_unique,,,,,,,,,,,,,,,,,,,
,,,,,,100,(#100) The value must be a valid insights metric,,,,,page_impressions,,,,,,,,,,,,,,,,,,,
,,,,,,100,(#100) The value must be a valid insights metric,,,,,page_impressions_organic,,,,,,,,,,,,,,,,,,,
,,,,,,100,(#100) The value must be a valid insights metric,,,,,page_impressions_paid,,,,,,,,,,,,,,,,,,,
,,,,,,100,(#100) The value must be a valid insights metric,,,,,page_impressions_unique,,,,,,,,,,,,,,,,,,,
,,,,,,100,(#100) The value must be a valid insights metric,,,,,page_negative_feedback_by_type,,,,,,,,,,,,,,,,,,,
,,,,,,100,(#100) The value must be a valid insights metric,,,,,page_places_checkin_total,,,,,,,,,,,,,,,,,,,
,,,,,,100,(#100) The value must be a valid insights metric,,,,,page_places_checkin_total_unique,,,,,,,,,,,,,,,,,,,
,,,,,,100,(#100) The value must be a valid insights metric,,,,,page_positive_feedback_by_type,,,,,,,,,,,,,,,,,,,
,,,,,,100,(#100) The value must be a valid insights metric,,,,,page_posts_impressions,,,,,,,,,,,,,,,,,,,
,,,,,,100,(#100) The value must be a valid insights metric,,,,,page_posts_impressions_organic_unique,,,,,,,,,,,,,,,,,,,
,,,,,,100,(#100) The value must be a valid insights metric,,,,,page_posts_impressions_paid,,,,,,,,,,,,,,,,,,,
,,,,,,100,(#100) The value must be a valid insights metric,,,,,page_posts_impressions_unique,,,,,,,,,,,,,,,,,,,
,,,,,,100,(#100) The value must be a valid insights metric,,,,,page_posts_impressions_viral,,,,,,,,,,,,,,,,,,,
,,,,,,100,(#100) The value must be a valid insights metric,,,,,page_posts_impressions_viral_unique,,,,,,,,,,,,,,,,,,,
,,,,,,100,(#100) The value must be a valid insights metric,,,,,page_views_by_profile_tab_total,,,,,,,,,,,,,,,,,,,
,,,,,,100,(#100) The value must be a valid insights metric,,,,,page_views_by_site_logged_in_unique,,,,,,,,,,,,,,,,,,,
,,,,,,100,(#100) The value must be a valid insights metric,,,,,page_website_clicks_logged_in_unique,,,,,,,,,,,,,,,,,,,
,,,,,,,,,,,,video_insights,,,,,,,,not_tested_no_video_posts_found,,,,,,,,,,,
,True,high,,,Organic Post Impressions,,,,,,,page_posts_impressions_organic,,,,,,,,available visibility metric returned directly by Page Insights,,,,,,,,,,,
,True,high,,,Page Post Engagements,,,,,,,page_post_engagements,,,,,,,,stable page-level engagement metric with daily series and total range,,,,,,,,,,,
,True,high,,,Post Reactions,,,,,,,page_actions_post_reactions_total,,,,,,,,reaction totals are available and interpretable,,,,,,,,,,,
,True,high,,,Page Views,,,,,,,page_views_total,,,,,,,,page view totals and daily series are available,,,,,,,,,,,
,False,high,,,Followers,,,,,,,followers_count,,,,,,,,direct page field available from Page node,,,,,,,,,,,
,False,high,,,Fans,,,,,,,fan_count,,,,,,,,direct page field available from Page node,,,,,,,,,,,
